"file","page","page_url","order","section","alt","src_url"
"aulas_001.png","/aulas","https://favelaware.animahub.com.br/aulas","1","","","https://lh3.googleusercontent.com/sitesv/AA5AbUD9cLxd9dwwv349XDJ9cQyogpnWuf9iu4FZx801G1QSeHAblZAP_rBt0WYhDEyhhx2dKsDn1P3Drv40wun7-1i1Dj6WCQZQK6EhcGb8kbuJy1aH4YiNMqvSdgKKZXzAHiB91CPE1IjuLoXs2puQgkU2ewktdKxtaQnvoeOHVuH8ecYws5fKVNw3bDIgpf5MbVe1EJQIB9LBSbi4QaU"
"aulas_002.png","/aulas","https://favelaware.animahub.com.br/aulas","2","","","https://lh3.googleusercontent.com/sitesv/AA5AbUBxXDthLkkuTtfvimJJmS0v1apH0gZAt8LouF-HWtxj60qmOvUzxgWf0BISx-iaZNQhsaheAdzqFzw9PXd_X0uGfAhiqx1ALMajk5sajjhgYBAstr_BRqomrcyE62588_K4HMIuQwdaN0av3sWsSf1ecxr8-d7JRvxl7B--PrzyUY4sTIdKgc2k0QI=w16383"
"aulas_003.png","/aulas","https://favelaware.animahub.com.br/aulas","3","","","https://lh3.googleusercontent.com/sitesv/AA5AbUBrljSe79zDtvdhiaREDEDNLpIiTKR0oHt_RynMyabiXFvzvQBbtJ5BkXFcHfDRCndXvBH5s8r8quT70IvD3Juw6b5N-iNp_SEu8QPOYpZ-CUHY4upz77ibhAfNMc6mhDXS5gObiAZnWzIS3-jUbGcYIP9MmSjIhVs7k0CSrBOtsFOiYkuQPRbvHuk=w16383"
"aulas_004.png","/aulas","https://favelaware.animahub.com.br/aulas","4","","","https://lh3.googleusercontent.com/sitesv/AA5AbUD6uldnp5qMYchKrz3bFq_j44O5dobApLEgh-gPFluxaHEo5z9Ml1jawYJTKS6a2-APb8gSwdlj2es4vU6MQF1-zA2BhVzN6Sz5asW_taRWhQcqnswt1xyvNnKj_s-S99uBW8DqgoXpA4RePEpMELqjAChfAh5Q4etX_vLKvYrrHLfrXG9gRDvoU8L4CfrZypboDYvmTMKQP795OPowJ2wnTF1K2JesNdTs=w1280"
"aulas_005.png","/aulas","https://favelaware.animahub.com.br/aulas","5","","","https://lh3.googleusercontent.com/sitesv/AA5AbUBpu-7UnNcXkzIxmAM5N4PBPYf6c6JcC6bUizyvsGtYv7SEPaowltN8S4d7z3yqTen79Lef_imW4FxYhgqC9SC8NszhW5RBPdv6XUPyKRyRj2_Jp0UmcY4Gl-4IkpPQqTYfrzvtakzxK3R0MlYIceSftlukO2jZRxJBF9cGj1ghIxpjtp7gkRdNK7EoEI89VOSjE78bFRha0J41ZNzfi414EFbt7wJ2fdNF=w1280"
"aulas__cronograma-1-2022-1_001.png","/aulas/cronograma-1-2022-1","https://favelaware.animahub.com.br/aulas/cronograma-1-2022-1","1","","","https://lh3.googleusercontent.com/sitesv/AA5AbUA66ZTFWgmM1BP_oA0VSDpOBZpc36VB_ivK5sRkinYZXmLg-4rQKWHY6L4U5y_9tt09xstBqd1q6czOwF6K32xQCnjZdDVeV5cZnc_bqwxUrybQalESunrG5l4O_OkfAFj9pIzPk_UE5uQJQ6nvAF5FKUcI1euVuR6ZY3HvHV4XL5dBxXLflmUx5Oo=w16383"
"aulas__cronograma-1-2022-1_002.png","/aulas/cronograma-1-2022-1","https://favelaware.animahub.com.br/aulas/cronograma-1-2022-1","2","","","https://lh3.googleusercontent.com/sitesv/AA5AbUBLBVoNje5vpoY2KuQG6NH7JpnGb7YmxOzs9mXJqAnYwIT_MAgE405fY7097yfYKOSr_g2wSYvg4D75I4v8eSh9CTb15lCtUqPdLDprrJqP7uiYfNKXhHGOnzpEn7OXTr0c3aBJ--9TkcgKgb2tARvVVh4k1POSjSsmP-vJmAEK13eoys0DP-wrUk1VG5CyoEBr2WQbms4LhMgNi79Ko8LHWmzTi_mffq2nLTw=w1280"
"aulas__cronograma-1-2022-1_003.png","/aulas/cronograma-1-2022-1","https://favelaware.animahub.com.br/aulas/cronograma-1-2022-1","3","","","https://lh3.googleusercontent.com/sitesv/AA5AbUAzMUMkKu8Drp3ndNPMQ8UDDZS3bLUxi7piaHSJtjynPoEjdQ6QrI0kdOacPo_vmv2AILdrAIb4gn5h4Druu1mS73fvVu3DI6DG1BavLdVVkJwxMIso5wBy70g333f1qWnG21TpVGqfXYUUdJi7K68Vsg89qGurHYsYzwjPF6N3uv6YT3D6pI1Eu8c8QjN8hTmYx4TyiaBn331nRpzWehfYxGvetVJptBsX=w1280"
"aulas__cronograma-1-2022-1_004.png","/aulas/cronograma-1-2022-1","https://favelaware.animahub.com.br/aulas/cronograma-1-2022-1","4","","","https://lh3.googleusercontent.com/sitesv/AA5AbUCAZ1XBzjTWsSSYyT3BzVffcouGdGROUD62WKAGIfuI9HEhp5D_PKGhn6orfJAQDO5OaGFLaRYE2XnqSgO2QI3blHmCIefy-5I4Qyp9Vh5P9spsUjUQ7w-nJYuG1Hv5y5Y_bItHtXHTPRaVVNGk3lHU1Sw4Or9q_eM3gldEBS-j_6TAxWZhfLBwtD9uazdAKG-cb_5NK8JEYbmwk0gCKlnoH047Ev8wW1b0dJI=w1280"
"aulas__cronograma-1-2022-1_005.png","/aulas/cronograma-1-2022-1","https://favelaware.animahub.com.br/aulas/cronograma-1-2022-1","5","","","https://lh3.googleusercontent.com/sitesv/AA5AbUDAaJQyEn95niz-gkgw8sq_pzyTy5GKDy1Zh0q122b2wBGhqcZPj9b0wKOMeN5n8V3oK1fiYwS4Eh9Rb63sELKftoP76PytZEHjXHbj5kXd33pH_a-MJYnnVLCDdftHa2iy-Z4AEGkgjs1AThCqMCVO8Q0YfVe8-qTp9BtqUmsd1stGZHPG9hFB8Ibdjxyo3NsiLHPIBkxI0l1OB3rJ0EyiH9rDAp9Rx18s=w1280"
"aulas__cronograma-1-2022-1_006.png","/aulas/cronograma-1-2022-1","https://favelaware.animahub.com.br/aulas/cronograma-1-2022-1","6","","","https://lh3.googleusercontent.com/sitesv/AA5AbUATNqozdWQLLGG0ykzyeOqejKFQruZrvjEwLwbBW4LqF3GrAp_hH8-4uJ_o4peP75ntB8MQNdp2graY6WqNmepj55VzLYkB5lgWvz53cdI_dQKJQvlTD5TUOpDMgK3mPJiCUyhGwWmMJe1MMq3hxrIndR6K-1eonTq8nsiFsqFD1SgqCG9OsnxHjfPA6coQh1ogrbt4mfbpOhdZ358RV7QxxDz-Y9eWAPt6Cdg=w1280"
"aulas__cronograma-1-2022-1_007.png","/aulas/cronograma-1-2022-1","https://favelaware.animahub.com.br/aulas/cronograma-1-2022-1","7","","","https://lh3.googleusercontent.com/sitesv/AA5AbUBQJ-6KUr71PSWZlTt3U1Yx539WB1fVYEMKsjx5DfnixbYiXYZTV4CtRd5uawndlw6zvbbRVsJxfznkCwq_IEB7NHuYpvDnrvct9ZGbdw9Q_RoAZpYzF9Wr8ruzMGkMqmC81Y3a4TflPjroBB1gOx41K4LQcJbdHSQ8QqSFF5oA8CMQK-h9hH5F7lleOH3lTg70BoUeJiFWc6tCSGQghf3-ihb_bJSDyGrVPvQ=w1280"
"aulas__cronograma-1-2022-1_008.png","/aulas/cronograma-1-2022-1","https://favelaware.animahub.com.br/aulas/cronograma-1-2022-1","8","","","https://lh3.googleusercontent.com/sitesv/AA5AbUClTuFxibbAstPCeG3DfrfeAX3d48lSsOhgSMnZllPz2Vq2OcgqwBSh21ImCawjPmb3vLxXZ8peMkYnYpKpviHYY2LttNCAgdXrZhv7xOzPKCSrIlX9k77QwHqvmkMiRNx7nJ_xtQikhzh1BDzHaLIzuhyoo4vhHgM-LR6zkesCK70YQ5-wNmOn83IcQIc3D-Q2KNkJZ5gOFSS-h28Ebaw0GTneFUm_weSl6pQ=w1280"
"aulas__cronograma-1-2022-1_009.png","/aulas/cronograma-1-2022-1","https://favelaware.animahub.com.br/aulas/cronograma-1-2022-1","9","","","https://lh3.googleusercontent.com/sitesv/AA5AbUAuvDCwqsmXKUTR-KLWSMqtM5zcmcT0S8sWjtZvpTvsSV1C4mmdyUvgXOVK1ovkJhLHTPpcaVKnGqmPpmkY7w5MxtIB45fTI255XZeWASR1TEtwgADHUhm5B4zpoM8fhVfaa7-UwiAmwkUEIH_-50ABgA8xPOdjX870p8KV4WOOUnP7IZHh3ZkP7i_4Y9xC6uSP8uaRExqSGS9psVLlq3UrD6FBAtUB9Rr6-Ck=w1280"
"aulas__cronograma-1-2022-1_010.png","/aulas/cronograma-1-2022-1","https://favelaware.animahub.com.br/aulas/cronograma-1-2022-1","10","","","https://lh3.googleusercontent.com/sitesv/AA5AbUBPVOQujeE_MxbRbUOPgxc6N60NBTxbvEoutKqac4grigBOBB-tsGXvL1fW1K9J_RjwuFZOuTvcWcvFoJKVzyuOWXQ_lJiVJxbaLcBgBSH4r8242pCj7BMOl_AJ9ajBJGxC5yyRBLAGc5Y7qiPZTnQiY2SOhk085BFEraifkibgVDrePM-CRnEiCwpu0pJpH9wckWp0GXEsAjaV6y3zM3Qs7e0BeARMn11j=w1280"
"aulas__cronograma-1-2022-1_011.png","/aulas/cronograma-1-2022-1","https://favelaware.animahub.com.br/aulas/cronograma-1-2022-1","11","","","https://lh3.googleusercontent.com/sitesv/AA5AbUBPWn52TpU0qmO4VBoZNt_Pugpg4KG-Kn3_BDtXaxWNN6BtUiXST-HtLZVcaWzPQCIks5LthjFDOyKrc3V29aebkxv0tNIdfHhwuf8WX6jGoYDkN008cUkN7q5obXgbJT-QrnUZRQ4zXGth5EIYMKWR53q_zapOHzLQEIGVL7TkLpo5CRihTq0JxtOO1WBa1zx9_lS9y-w8x3HrhpJ5eLZyeucaYwZPRY70=w1280"
"aulas__cronograma-1-2022-1_012.png","/aulas/cronograma-1-2022-1","https://favelaware.animahub.com.br/aulas/cronograma-1-2022-1","12","","","https://lh3.googleusercontent.com/sitesv/AA5AbUB15ZwYjRoZpANWSva3enHTF_9TXQj5z0t86ak0Y_jsmOXKyx96mdtSYqkQP-mwVFAXWL_lB6U64DSDWG39HkiJhckk-3UQgN-Mj0H4Q1IfF1IYU3YQfaBsDW2ILqIYgnfkv6VF8KO7W3AY0nELWv8lo67XdzTeOv2ImEvjqohwuGaQiy_gPL0-6DI-kN2GnS1UmAjskbAXb-vLE2cd3CMwwOeJw2AmBgqVfPA=w1280"
"aulas__cronograma-1-2022-1_013.png","/aulas/cronograma-1-2022-1","https://favelaware.animahub.com.br/aulas/cronograma-1-2022-1","13","","","https://lh3.googleusercontent.com/sitesv/AA5AbUAh53KUAQqd5WinI-D-y5mNdzlr_cDZA-yviLSxr3tapBSVPv3A6hrcE1ZqaEgT1s3N_GqKQwkT_gvwZ7Qyk6zCeBvVt4haEMp32BstyHo2H-AXmfX_p5j7rO1DJ5xJjDrN2csNUxcy97RjmY0lh4HoRJgj2rkoQ7EilADYieF2_oKw3quV8LfUNp_DgSX2uuVntns7Ed_SRw3cBs8kdRFVq9KIIEqchCtGgyk=w1280"
"aulas__cronograma-1-2022-2_001.png","/aulas/cronograma-1-2022-2","https://favelaware.animahub.com.br/aulas/cronograma-1-2022-2","1","","","https://lh3.googleusercontent.com/sitesv/AA5AbUCjAP8uTIWoQc7mTru9qaaDu8qWswdiQRl4sIFGYgMywgY5lUWjL1j08zJBVjG-oxXhFLoiAZg1EVXy_wR385KvymtryAc8rYf6CqqZ2Nei3icFEkIXVUT45qpzdaTd4eJSdqN6WNDRxGZojRV2MIb-XIGHKrVPmMmfaLSA9D6G96sFUDB6cPauovBEm_Y03XLafRK3euuc8RCc_dUjRsvNw6XQj_jgShilG_M=w1280"
"aulas__cronograma-1-2022-2_002.png","/aulas/cronograma-1-2022-2","https://favelaware.animahub.com.br/aulas/cronograma-1-2022-2","2","","","https://lh3.googleusercontent.com/sitesv/AA5AbUAjozDmMF9MBqHAWW0V6br7x12EhVkthVLAqrApD8PWSemVC7LQIId2t1x1xzxpSzwym_1yq9ZxADmiOkTKE5g5b0wO7xHd8Nw0KzUTANd-Rj0Xv2QWehuYLkZYH4d_rcHzo0ZgvPChk5nat4YY2bIIM0XgOzemWXALVmU47GE5smzIKtIdVy0fCd7Tj6TW-gYhZT2LKdG3TcZqtN1FHUC-7JzKNdmRBzYh7wE=w1280"
"aulas__cronograma-1-2022-2_003.png","/aulas/cronograma-1-2022-2","https://favelaware.animahub.com.br/aulas/cronograma-1-2022-2","3","","","https://lh3.googleusercontent.com/sitesv/AA5AbUA2oN8J1n1RkptMU3oyQ-BoponQHhZ5obbGv6zdZwsVBg9eNtN1uvAeBkCYWA2aTqyvlZd-T0p6KLHdvQsEffvQJ0gmzcTm46iPdVFXOA--MtBdEKv1j-o08TAdZBwVLaBugaZWFlSdhmkAvVb77ctL1KkyKh8IcokoBzwsEBAizr6SDu1tixm6bywQ-tFMwSwI5OiKQntEuhwyBtsT4cjWf7f80u1v_zNx9FY=w1280"
"aulas__cronograma-1-2022-2_004.png","/aulas/cronograma-1-2022-2","https://favelaware.animahub.com.br/aulas/cronograma-1-2022-2","4","","","https://lh3.googleusercontent.com/sitesv/AA5AbUCNW3gC_17AHI-EmqvLeb1SzVi8vjXdJJGxyqSNbqcDJQGtqZXMYSOddbfPZJi0PS8ciQc6zj5J-dAsdnNX380U8t4lmL8fA5Q9Q2icA2t1NkOAxrtf5OloTx8YaRh9Dbmed2YwBJkBlBfy-qw-Mfc1G2OsUq007Kt1-7XByLYT1E5MH3kLv-QmNBV6CxkgSMoTRsXm5zkqfcMpUfEIkGDfSxOK9AWWb0VORo0=w1280"
"aulas__cronograma-1-2022-2_005.png","/aulas/cronograma-1-2022-2","https://favelaware.animahub.com.br/aulas/cronograma-1-2022-2","5","","","https://lh3.googleusercontent.com/sitesv/AA5AbUCk8tgDgkVrGoHl_ntz2xw0Iwf2osAHTpQHx1z0umIiYd90HVZvwwu0LLee8fp2zcA6B3BOVyLA-84le6RW-XHJo3Yv-tB86X_vWj7FSiXBkwhOCJSY4JsN4BfLTBehyDhMzjW5bnBdbyFClEL1ZjNdG7rYbodMKoCndrIleS4n2ZqDHukhFHtZ-LaqlQFdcnOQYAXfMAfnM2_n1ZaXyaefbeoDBAAV-NuGphU=w1280"
"aulas__cronograma-1-2022-2_006.png","/aulas/cronograma-1-2022-2","https://favelaware.animahub.com.br/aulas/cronograma-1-2022-2","6","","","https://lh3.googleusercontent.com/sitesv/AA5AbUDby1kZ8ooHIL8JgKVrOBtcrNeu3e_kmS3Y57mPZdNZZnGa0agjTJmikkmbVeiUFowMCa2woWlba4ooflymJCTYC86Gs18Y_UYrb1dQHqsDPsSPZVS-WLEwMFeFFH3NkIbqAUPfOYZrkTFGrXgTl941gVfIFowH3ZM-BzmEpfps5GJ5waRC2U-Brkfj13mswav9s3uj25dUh3CcYKsEZ3jvNDmQWWA_oRhu=w1280"
"aulas__cronograma-1-2022-2_007.png","/aulas/cronograma-1-2022-2","https://favelaware.animahub.com.br/aulas/cronograma-1-2022-2","7","","","https://lh3.googleusercontent.com/sitesv/AA5AbUDX36WiI1ufoCQnCrhdhP8qcqsHVlWX2wntgL3Qzl9N2PQdgO5nHTc9M-G7UAeqUydqlBvUsvN_dqDARmhCM-U_4sYBcbGao7o-qAQqhzTW6M_DFkCzQaKMPhZGZFHN2kc6sW28rRc6Ytsnuql4THLNxGkaSybjhh3gQ1YKaMpdHBr02hF_bfh85zU=w1280"
"aulas__cronograma-1-2022-2_008.png","/aulas/cronograma-1-2022-2","https://favelaware.animahub.com.br/aulas/cronograma-1-2022-2","8","","","https://lh3.googleusercontent.com/sitesv/AA5AbUBU3iq4EyRNQTe3-e1zL7Cy5OdsYhdY3M4DBajRDlEO2KaWKV4gEHagbvkcdAODwzVhLebd8SsSBSHXdUbtpa6Dwm2TEmpDn0gbouVw2O3lZJvRtIvc6186_8L9vkNIfhwdOrMFXcSCMHiw8vR6_lrdiIatQHX1ntkznRkFELsZaKpPGFm9H3-yGelU9QuulPNQS9rr--EWZH8TlBNXVGsOtHJicqnelYpjlSA=w1280"
"aulas__cronograma-2-2022-1_001.png","/aulas/cronograma-2-2022-1","https://favelaware.animahub.com.br/aulas/cronograma-2-2022-1","1","","","https://lh3.googleusercontent.com/sitesv/AA5AbUDIBMIsol48p9bsN1S9PRj36U8W-91tmFJJ4ftBksyNJZhSL_bz5z62fDN3y7L5xp9tirxSxHTZURsu9Rh7qqLB9g8Jc-1jNlpAsxztxMv4I5E1Y3dOtw9DuYH-u0vxzPbYa85MOsa-hdr-NjYIJ0e7UkqmQX8QdpFri3HmbuorjWf-Oa4RrUfF8DDqfFP_kfkvD22467OBiBN64MeWbNGH8Jk2COwGMCi0T4w=w1280"
"aulas__cronograma-2-2022-1_002.png","/aulas/cronograma-2-2022-1","https://favelaware.animahub.com.br/aulas/cronograma-2-2022-1","2","","","https://lh3.googleusercontent.com/sitesv/AA5AbUC7a3RjiegcSQ0nUgFWxj1OCgb-nyIMzRSxYkr4NMfJDIpWpSKJK4uzA1LHx-BuYugU5f_8doS24zi-IEAIk9x3qB-TNfkaEvxDD1T6YOVOqQUvveTcv9JxdZGRdRghuPIHORwVtPnlDDEFBT_ii3H3Kr3zKlO8OooeGEt-IGpv9EQeLfvH8IIYGL9bJPwYcqeensSAOXeVtq67TfMrl0zQVlho6wYbzksl=w1280"
"aulas__cronograma-2-2022-1_003.png","/aulas/cronograma-2-2022-1","https://favelaware.animahub.com.br/aulas/cronograma-2-2022-1","3","","","https://lh3.googleusercontent.com/sitesv/AA5AbUAmFK2n7w1ehjVV4TZrL03knQAXHjTLi4HsnIuRucM9hwnvHJdVzBRs8DQEHZiPMLVIEm4I8xHZD8TDp7hXDNx5evG1QAx9GXFCKoKr7fvb54YDKA6bgdJmI6jpaRyiK37sSMQ4S2waJasaxW99Fwm-Ckc1bYOLDMAbrSi5mYzOUBm-26c6Y_lRGBHGy_r4HZCJJ0111ZnWpj399Lq4jboNjEWArhkI_j1QkXw=w1280"
"aulas__cronograma-2-2022-1_004.png","/aulas/cronograma-2-2022-1","https://favelaware.animahub.com.br/aulas/cronograma-2-2022-1","4","","","https://lh3.googleusercontent.com/sitesv/AA5AbUCFejnvU4I2seh2qx13yJQLQ8UprYDxIXkN99WlhxMjcu99laKgSOnEpDYAhsMhAPflgAOs5v3jIyvYX0xrb_QPk8f31o9pPaIciW8NOdWhY0ThL9IDL2ZQcHJ97-mLVkBLofto-JdJNThsaNhn-GVPEZP5rVE1PDyfaczXU2gRvz5QtYLIoDdCPc4BjCbRAUMOHyNPyPUcX8L4zmsO57rL_wl7Vu0JIRQqjgA=w1280"
"aulas__cronograma-2-2022-1_005.png","/aulas/cronograma-2-2022-1","https://favelaware.animahub.com.br/aulas/cronograma-2-2022-1","5","","","https://lh3.googleusercontent.com/sitesv/AA5AbUCsYeLH75DEzQJwqmLrQGzOizVDpsb6US_5VhR3WsjRwL4thIO0gEdWt3O-g6z6GPD7HsIs5itY-4ah-YnLOh7qRKQFJKmZr0zgI5HJfzTC4MTjko6y6d09uZDFZhRAV_BuUGxMBsaQ_hG8gCpGDHOSbtdPqCq8NCxxPIBu3HOiVtSY-cePQ6Ex5oIV6KyrXGyuK7aedwWzS4TA_XDYK4GoRXnkqpy1pXcw8l0=w1280"
"aulas__cronograma-2-2022-1_006.png","/aulas/cronograma-2-2022-1","https://favelaware.animahub.com.br/aulas/cronograma-2-2022-1","6","","","https://lh3.googleusercontent.com/sitesv/AA5AbUDU92nOClRAsOqg5_JixnSLX3fGEg_ZjDC5WRjHsSvUHBRz2Vxr2bUAWwsrU2kctzfAZMtO_mjxHRJ0xMwNvp4d4pMk8CV4hduE97Vvah6rdIKJdfzLklIi7Ju1tvL13fVTHW8YVaVpnVla8S521YXlImF3X-24K6j4t67oLzCf4MaB2s9-HMpBB8yd8w0Y_eE01qEUND_azAUHC4W6JhCw3GyxeJbcnML1=w1280"
"aulas__cronograma-2-2022-1_007.png","/aulas/cronograma-2-2022-1","https://favelaware.animahub.com.br/aulas/cronograma-2-2022-1","7","","","https://lh3.googleusercontent.com/sitesv/AA5AbUAbXg966Uyv6Ivem2GzVm2DA5PtwmHZNm2K1eMhUWlR5u2qVDSFH6pCzsn2BM3h49M36stMKr_6dE8CKoxDMeSTFjaAd0Oo6UjDGY9ncPxedxBNpgslN0k_8h-QSxa0Le5chuQK5a64KArWZ_IEpWKxDfwflHLmMcj2-DV8QqsNU2gstjVJBhTP2AxekEAhsn36hFyOhViQlCiQ3c-fStvjEQFWXqrf8Eb3=w1280"
"aulas__cronograma-2-2022-1_008.png","/aulas/cronograma-2-2022-1","https://favelaware.animahub.com.br/aulas/cronograma-2-2022-1","8","","","https://lh3.googleusercontent.com/sitesv/AA5AbUBlLnoka2K0M9GWpqOKJ7MWU400Sa19K40qS2EL89lZUQqShlANyxkJnNmcWCRCB2Cxwb1y43zDMoyoYtZbjB43d1k_kMhYdZDtjY6gXNQh6-QujSpr78TdKdZcp6Op1cN1z9EC2H0FmZZU6kfKThvYoqyJKnwi2D4SwO7n8HDj_G7My96VH8DlldD6bOQAC4W5Du_BvL81um03OhYwNSDQhZWBIYQ49Dn1y-Y=w1280"
"aulas__cronograma-2-2022-1_009.png","/aulas/cronograma-2-2022-1","https://favelaware.animahub.com.br/aulas/cronograma-2-2022-1","9","","","https://lh3.googleusercontent.com/sitesv/AA5AbUDAPq-vynM3Jg7HgHCmhNf20XofnwNgocLiXnPGAP-JQY-cZR_4bQ2vX_pwUuDtV21ckZgku5h2pDqY2MHOq6pm0x9kUdSfWerT8FzOoKdsZP0ziMAqvp38TqO4EaBmQe9N6o-UE_EaQWurnD6M7wLKtYAFyBgGyLzfWTux9DrVLom6JYhymhkkIvs3oHHzxtMv45f4vQ0OhhTTkFxh-jS9Buf6u2n8GDTO=w1280"
"aulas__cronograma-2-2022-1_010.png","/aulas/cronograma-2-2022-1","https://favelaware.animahub.com.br/aulas/cronograma-2-2022-1","10","","","https://lh3.googleusercontent.com/sitesv/AA5AbUBZW7GZIo2viMwqvywoaB1vMh_JOgw0SPfMmRVcw_8yoiTPqPIjCsQMfUfacA9gRke3SLNRH9ESRgeHgu2mlz6cpNZZIFVkNSEuRHTUx4pe4xS8hB8jwVp0aohxsZ67V6liWsq9zNZEIPHkRh_Ivzc4Neb__EDTyieIM5cAEh3q9ijmi4_0rlhapOHaICjYPH_1TeU0U4zh7jn5i2ukRf85j-4qQa02XA=w1280"
"aulas__cronograma-2-2022-1_011.png","/aulas/cronograma-2-2022-1","https://favelaware.animahub.com.br/aulas/cronograma-2-2022-1","11","","","https://lh3.googleusercontent.com/sitesv/AA5AbUDMjkhF6eUHOD46voSt5FyMD_kt08KwJoPnEi6FBTrkmdtUUQEksWEHFW8xsBOlipRGrlHYjMskv8Q8K_3EwcXnL4iFdcdKHvwNqQvn9IR2VubhsSz8msYztNG3gnnY0mAUr8oiU1qlVJB52g1u5jVVwWm69aHgVWR-sz79GbttdgyTGi4qBrgq0cxeYmLw-BSP9rrVWHToK-NY4aCiqeEiBqyC9nYOsm7ptFY=w1280"
"aulas__cronograma-2-2022-1_012.png","/aulas/cronograma-2-2022-1","https://favelaware.animahub.com.br/aulas/cronograma-2-2022-1","12","","","https://lh3.googleusercontent.com/sitesv/AA5AbUCeivpeS1JWGHeR8qwrflboxtb7iWp9to4RpB0heOS6qvy62R1WIPlpp9y9kiGjc4QQmvjsxdjRneTGxVzixEsTR06IhMsvMW7MAL6a8Qy_-WwhsVN2QZcEeKNQFodmWi-20uSoZGxc4RLsvM5fmDQkojObjjjhAit6hCo72MC5JkE1TuRTUFk9dY5UBrJBaNJycLZwkPFHEnRLTak1r2d5tPTGNmsOz4jmAjQ=w1280"
"aulas__cronograma-2-2022-2_001.png","/aulas/cronograma-2-2022-2","https://favelaware.animahub.com.br/aulas/cronograma-2-2022-2","1","","","https://lh3.googleusercontent.com/sitesv/AA5AbUAiNG0kW59Qu1R07fxTjoLbDiL5WOW-Ic2Hv4_GwpJoKObGqD_HiszpwreP5SfnjEujKzFYLgMkBIXH7aZDlpb8jZMPeEKfW-02HGpN-Oxo1NUFDaeNhRAbkd-eIH8_R7paI0TNW_mt6rn8XcoUzlCFxKj1Aoeo122qgwmmkXOc0SyDGD0ivNELdFoZaKOuBrg5gHuVeMJGdh0Y-q7rXAGFUOWUQ5CPre4pQIg=w1280"
"aulas__cronograma-2-2022-2_002.png","/aulas/cronograma-2-2022-2","https://favelaware.animahub.com.br/aulas/cronograma-2-2022-2","2","","","https://lh3.googleusercontent.com/sitesv/AA5AbUD2UL4mo08NTJjKzmWRWfPmAywr7AeQc3rFHp_57PHMS5wlzDfU4WpqX4D_GgIEOwQvYMh-vVOvK9MiPd-8aobcjQrNZZglgawzC2GJdiQp0BWvsDli3UA8T_m2E2H7x7sKNfO2ulOmTFqnH_atcI6IBS41qYK0XQMt_6cM1pLNX0C-5Yv3cw-oaK9xlqyOYv2PnWAAdKIEyRKKnFU9ZhuZ7uvmjVo80mjS=w1280"
"aulas__cronograma-2-2022-2_003.png","/aulas/cronograma-2-2022-2","https://favelaware.animahub.com.br/aulas/cronograma-2-2022-2","3","","","https://lh3.googleusercontent.com/sitesv/AA5AbUBUPPIaSpfJQ0szCr9kgcNdSLE2geuUdKQ4a24SPrS4ZhVTSBDCNrP4mVUsCYRMoItwSAt9vlMZuxiqkkBF1NIrowJlZcqmHyTCOurqoA0ABPk8jJrw3tElHKLh-iw19ryVzvQ5jQvCQtjbTcVYTkg9n5WqOeqPkIoCwbEwTBd8F8QZ2FwLGH7DL4drtgVouJNr_lX0ROCIbqm29RavHKIECiRO7fxkDIRmS9s=w1280"
"aulas__cronograma-2-2022-2_004.png","/aulas/cronograma-2-2022-2","https://favelaware.animahub.com.br/aulas/cronograma-2-2022-2","4","","","https://lh3.googleusercontent.com/sitesv/AA5AbUAaxKEmEFVHRbkKiummtgo_qKpe06rXykepdGei4zz_i9bR5JS-dCzyCsMi-Y2PS1bwrnZ9soizHCc8MmW9LvNiD00dAde8b2Hp6eKa93fV_lcB_MrSo3de2M1tOOosBPmmhozQl7-46KyrP8J15UMgPce0qvm_9UhTCQFj9X6JlDOGt6TsDj7vW0V8A1gh3aPzYQoYNQ5EENy6bgIX_20Yy75VthtOj0jb=w1280"
"aulas__cronograma-2-2022-2_005.png","/aulas/cronograma-2-2022-2","https://favelaware.animahub.com.br/aulas/cronograma-2-2022-2","5","","","https://lh3.googleusercontent.com/sitesv/AA5AbUA5Ej5A28EzpeJnnBDHbnyR9KJenBu7jS1Zm3UKqy5cEQJAUPJgkUVLbRQYxaUBWqQCuPol7W1NuHgfnytaIQrBD5Mfy2nFLdcGVC3WJ9Dv8Lm8Ox9byz56BFGRi1yB2ZqopBjTzvs2cTpbl3pO8PZIs91L1ppvTpeeUtdcuUQ5i572KtqJxgPDVwDo-thZEaseTvOQS-cIruLDEYyeEEuKZmxqhJeYyJ5WNLo=w1280"
"aulas__cronograma-2-2022-2_006.png","/aulas/cronograma-2-2022-2","https://favelaware.animahub.com.br/aulas/cronograma-2-2022-2","6","","","https://lh3.googleusercontent.com/sitesv/AA5AbUBSChgzCaD2WyaunIYbntWttD39Cp2wrnBPewwi8EC8TZSb3-H3LUxwzobPIZdL9__hkf1Seus28Yok9SCEIQiGZgIupezaQF9gxaDZ74EZtIR1d7E_91dYveUt2cXxiR9Z4swVS44PH4WqK-7B4E0ra8yyhSxjpHyKjOXeEWLOTz1sAIwOq9n6iufEJ4QuxR69_AUmvZ0zFPkdm9q08B82ASOMWpNQY6lu=w1280"
"como-fazemos__como-fazemos-historico_001.png","/como-fazemos/como-fazemos-historico","https://favelaware.animahub.com.br/como-fazemos/como-fazemos-historico","1","","","https://lh3.googleusercontent.com/sitesv/AA5AbUCmmD3b5xjrjVGTNQFtPgYzp9IaUkhiyIToJoBxHfrycilrvffudCOO-7QRFVMf21QQ4peCoQ6H564U31bhWQZgs3WlatKLiNSeg48GQ-_qgb_tfbfA0U2ZiTfdzQle8ZnrEYTttQ7yzqnYa4jnBnvt6Kjik_X_uEL7IUI3NqK_czY-E-WvUKKMWI4=w16383"
"galeria_001.jpg","/galeria","https://favelaware.animahub.com.br/galeria","1","","","https://lh3.googleusercontent.com/sitesv/AA5AbUBVrBV84NIwLMpjK-iixJNVozVIhF7-r85ybZtyAFBzwwfGYS7-G3EJ86qWLs2snHXt6KvGeAC41F-qeOb4E6lsiFdBm90dawqyxTCuXCAk28UqeHgvijRX1OAQNbpMjHzJWomT3G9PqpB_6YfzJoV2aWOUS6itlZUmVXwkztAy149i2JQX7aww=w16383"
"galeria_002.jpg","/galeria","https://favelaware.animahub.com.br/galeria","2","","","https://lh3.googleusercontent.com/sitesv/AA5AbUBVg1v-_b9I4E_Ox0O8nTk65V3kpOey1Q8FXrjzZgzN1bLeDMyp5CWd1LqmImx6NrrTh-FakhA7xT84vICMiKSA2GyngfpIZ_vEvOqGPqOt7WSiA2WiGGJr0OBecRrTQOXtYneqYG6TTRRntIAHRAvx0oWO4TZnj6Ce0pqaAWKk6SFnKgBJr0HPEtg=w16383"
"galeria_003.jpg","/galeria","https://favelaware.animahub.com.br/galeria","3","","","https://lh3.googleusercontent.com/sitesv/AA5AbUCeFlqGZazFbbme63m_VZjpon3Cmuzg-jkCGfN1EYcXqn_2aTD7TrjNYvbY1jlkMy3okMnzj2UhFn3zWr2nzDIQWMSk94VL-FZuiBrmsS_yNaDqFz5OljZz5hc6vDDlYByJYr4isWWZgOSeEj6kkdwzTtRpBiRp7VjoavwtwnY0X8e5VoeBqg-Q=w16383"
"galeria_004.jpg","/galeria","https://favelaware.animahub.com.br/galeria","4","","","https://lh3.googleusercontent.com/sitesv/AA5AbUDu3N-Rluhv5KLxA2-pGOFzG_PQoluC3AFkwMOsTrMwgV2LfXFNTSjjI6ukm_yK2QZUkVp1RqkFCUhNoeKzbeiofcvLA54qyU9n0l3V-Oh8HPq-kBhEILGaIdYy-AYjNOPmXdiWqbLrpkL9W50YI-jqlZwne7G_cZbEZVL4B0p8LjkCPQzPL14P5tU=w16383"
"galeria_005.jpg","/galeria","https://favelaware.animahub.com.br/galeria","5","","","https://lh3.googleusercontent.com/sitesv/AA5AbUDcAWACivdNIH4a8KhWL-g0hAc8_iDgKrqWndH3gIDKIpCFL2xxhTQnV_dr2cZ8lVcuFkBN0pkGbKKJhnkVoK_O3C8BlyXZ15wmztSuftGCiCGKLy5q3huFXfFXz5C68KmPl0gPWp9WnPWTGDfv9UkqSFudcdvIVPtMwIFVNu59KDEFadIlIjgm=w16383"
"galeria_006.jpg","/galeria","https://favelaware.animahub.com.br/galeria","6","","","https://lh3.googleusercontent.com/sitesv/AA5AbUBqH6UTJGPVOZqRHqfRYj4S_Rh-pvXJpyNo3T0cEpjhSAIy5dSZXU7cFuZQy_9lTqPDKmOG2dl9tcy6wXHPc_mmoB3WhEVOOKWmGocbN6aW_VBHivd3AUHD8zC5f233une-80C8iebzoavh9hMfRu7PGKextsCiG7bqfjpnS5iVih21GIDmrvfhZ0A=w16383"
"galeria_007.jpg","/galeria","https://favelaware.animahub.com.br/galeria","7","","","https://lh3.googleusercontent.com/sitesv/AA5AbUBYlOF7l2eytoqMhF2yd3YdYUdLXeAfyA4SloR8SslE4UH0BoFCQs7pq3IIao66AoDZhaN-PyybWKEPF0HQy9Psu-RfWDM0y3OJcmQ1Hqgt1vtwxCp1zAlJP2TJR3QcReAzT_2BcpAy6Qn4rGkbO5hiPACZ4kgK2Y1-jwbL0rv_sHdwpa-HofEz=w16383"
"galeria_008.jpg","/galeria","https://favelaware.animahub.com.br/galeria","8","","","https://lh3.googleusercontent.com/sitesv/AA5AbUAU2M-GQZVBQfIy549ZNdtydCnlhE5px6w032Cn1Iagbkn6wkwqAVZengH2X6OxQxg64gOGfbBUbojDv76wP99nYLMfZ6qBtH8U-cw0Xt6avwygkUTQCbVocSAcKDaTDAl3OyXRL8w3WdPtJftylRudAAbAcGX7dAjg_tH0WP2CfKCg5z1a2EhNFdE=w16383"
"galeria_009.jpg","/galeria","https://favelaware.animahub.com.br/galeria","9","","","https://lh3.googleusercontent.com/sitesv/AA5AbUDxz2CNw5DtRrbb4koHFmSPmNOSDrEz1sqAej9u4abocEqqaMg5VFyz2jueuXtnzlCCcA0O-m6Txszs7cASKz0ml3WS7VNxTCDyusBuzwuHKmrnOIplohki7-m1Ru7M4wRwHy070-wD5qU5jPOTFASPRIvDtsSpBcij7f7gQE5BfmfI4RautGCBTi4=w16383"
"galeria_010.jpg","/galeria","https://favelaware.animahub.com.br/galeria","10","","","https://lh3.googleusercontent.com/sitesv/AA5AbUBUih_HSnMzqGiDRT0sU0fgnX7MfgXqV-zVNJyytEomris7Q3HwgEfDw1kCToEpv4Wf7G7hwMxrgMHW68Ak7gVZrSHr9bYrNA1C9fL533QjqG3t1BQ0CxjQ2Ki48ybM2N8vXLFQ4jidqgV_nlwYCx3uPNm9hIwa0Po1TBv5KfaE4sX9e1tsSvYHQa4=w16383"
"galeria_011.jpg","/galeria","https://favelaware.animahub.com.br/galeria","11","","","https://lh3.googleusercontent.com/sitesv/AA5AbUC4GVdQC5T34dLwDPYeilasTqP7yqRAo8ktjctiS0gYZgHT-9zm7Dujj6OpvvR4saBg-uPg9yKkWCetGVWNwrnw-R92HJW5o3ZgtwID_iRG_WTIHEMyHhLat5heInQj3savjrNmZeZqhlUN9khVmCIc_sOtLkaT-Zg3UNN7F92koatSdpdArlaKtm0=w16383"
"galeria_012.jpg","/galeria","https://favelaware.animahub.com.br/galeria","12","","","https://lh3.googleusercontent.com/sitesv/AA5AbUA6sFpDWuXuKfuwvwVBx1SzaDjqlZuKasnbaVEBEDv8JHnYnjhOscKIa5HHWPnta0MQtKnoRuD4M5NqNWxYIdNQHs215cJOx5gdB-n-2TQ0azncRQi8R1iaublI_I6MJa3C1A7COORb6xdwqjjPq6IXJmAweBWbUMNWDN9HwAhM4PrbN26C0PE3=w16383"
"galeria_013.jpg","/galeria","https://favelaware.animahub.com.br/galeria","13","","","https://lh3.googleusercontent.com/sitesv/AA5AbUAfHgyybpEqSpKujI-Sy-yXKd83SvURHVCHLdaPJXsZpTh3eGgXjYf9OP3SahRb0FbWdtMs5EgA6NCZFzhg7K6OtaWT5vkUFnGBkvUCDKufuVVS9XV48cFnpG2YWpRqqhmFT20Y2_P9nGZuO1ZN72ACgF5skGUTaL9oV3OoFy4qMpH4JsqAMSIvRSg=w16383"
"galeria_014.jpg","/galeria","https://favelaware.animahub.com.br/galeria","14","","","https://lh3.googleusercontent.com/sitesv/AA5AbUDmXdI153yaACI4PRIFsTpFVmTZgkwSTGjgfUNqw9VT0uysOWsTKBRQrngfCvVTFDZtd0kvhmqyNrjnleiGk5UyDY4WznIIyACfvnqnDAppbBYSubD72CX2v3FEzuieOfiyEW2A-O05IpxGQKQl66RZDGMkpFCUv7-GGRj6x6TNlDekwcHLsEQ7=w16383"
"galeria_015.jpg","/galeria","https://favelaware.animahub.com.br/galeria","15","","","https://lh3.googleusercontent.com/sitesv/AA5AbUA66RTitkFXBYoDGcPIeNGUWEu_ETfXWB9tOIdjUa_QAVVlDijURfe4MFje8ybjt_nDG1tbELh8ncYT2Cv16vkcOWVHdC-Qv4O5YDjZlvvEmn1OCWTg2Ce3MhtsVVOVef6jZZReBsFs8s2OnYnJzkTgaO9uYQFF2e14CWyyZ1ms_jodhKq1OyXx15M=w16383"
"galeria_016.jpg","/galeria","https://favelaware.animahub.com.br/galeria","16","","","https://lh3.googleusercontent.com/sitesv/AA5AbUBAvNMCrra1PrJPbMgJiwqEsIazKXS7CgeZYX_qUTYFCry6iqqZhWf60yx7YRtLH9dev9RRz7k_4wNtizSKUjdUVfvZnyvXEg5RDbG7kCpYcIUHMosZuMzA9fVHN4XXh1XIGx8z3xahSvcSyShLtePHl75YwViF6AelEmaxm8BUsdf0sj5q8u5L9vM=w16383"
"galeria_017.jpg","/galeria","https://favelaware.animahub.com.br/galeria","17","","","https://lh3.googleusercontent.com/sitesv/AA5AbUDqx6umteOZDjPF1rP_gVojIoxEiC38R6643Q2vLI6MFqNSQgm94rmlZAAH5xBc8RpwuESg4lo_cF3SB09llewSpKOsc-pEYYy6bnzyFS0w-a-ZAu9kGO2Y6fdciHuXirrucPrXw3RlcPn0cOwn-KYbVAKqEcIxxSnRYJVhv8dM3-x5PwsWc2olYqc=w16383"
"galeria_018.jpg","/galeria","https://favelaware.animahub.com.br/galeria","18","","","https://lh3.googleusercontent.com/sitesv/AA5AbUAHnZljAenI4NeasydwmQa1uVsWHVk2Y3_TYjc_PBxOxpoEX7RqYTf7TZjp4L2s-xFoXUwgjVlD1pgNrmexCndFeQ7BfFozOybe-ae5h2vzgDy4aKykIpdXTiUwiTtVBp9LogTgED3gfFbekDpPtmpw1Ip8ziqAnGgRz3k3yBoRBVZfjPOKduEXYvQ=w16383"
"galeria_019.jpg","/galeria","https://favelaware.animahub.com.br/galeria","19","","","https://lh3.googleusercontent.com/sitesv/AA5AbUBFkS9AQ_I_tJ4QqBVXxzpip0Q8mP-kxAIggh4EQ60J0zAVX8ZY1DzBPX_AS8kRL7aZZd-exvPSibIbVJjXO3nGmFR69tRtk5e1dytvE13YuZ8jy7-mxBibgiutUSR0PdjVHaDysGQ0nc_2-sGMAqYaBMZVR38EYrA-JHxneCz4m4Mg112po4DEZX0=w16383"
"galeria_020.jpg","/galeria","https://favelaware.animahub.com.br/galeria","20","","","https://lh3.googleusercontent.com/sitesv/AA5AbUCrXTpQIl1cBoMGDNb5TywRdG5ZJJOizeVnAPElk1DPPxVVi_mGbsJ1qxJ8o_Q4UHM8pGWYJcS-EvyKTaP9y_ZlsJU2p-0K8m0nJlEdifdnwYI4Evex3KMDS9VWFtSzDjZB7vp68VsuJBP6Jn3MyVwnDi_m2cuVd5TrIKLNdKzuq11qZzjc1MY2S8k=w16383"
"galeria_021.jpg","/galeria","https://favelaware.animahub.com.br/galeria","21","","","https://lh3.googleusercontent.com/sitesv/AA5AbUCObVSAHYRgfG-MW0Ibf3jJ5wnHoxqK-3JwBadH23Jy8nr7UcNZHhd0Q-UKXypNQgOuM5Bdm5Pl-oJ_We-vit9BT7R_gWfhmgmpHHeRhBAlg09J-pSBOjF4LqKasMOf7QKQsAXloxFDWtS_jxwlz7ghnte2BSaedW0yenJLYmI6foDKcm1HIvrE=w16383"
"galeria_022.jpg","/galeria","https://favelaware.animahub.com.br/galeria","22","","","https://lh3.googleusercontent.com/sitesv/AA5AbUBYbxwd8Ac9AylVMr7kSKFcMgBXOkiJ7K2CDH_gyWjbESA7Lt21Ur2R7tFu_pK-CdLCoxATbLNguhf7PVxNMAgzC0VpXpEJoC-Ap9HqEJeJScon6pWdqCacRzBW4ifXQX5ZbHRIjQB6EyLTJmjWEV3w_YrnDxosVrz57WENmIIQi5CBAZWQVMPe=w16383"
"galeria_023.jpg","/galeria","https://favelaware.animahub.com.br/galeria","23","","","https://lh3.googleusercontent.com/sitesv/AA5AbUB8r6s7rqFt8JTJaoghEgR-nQFNt2uRxY7t19rxC538_POX9JT7PE6_sZWvEYFb8CnYeuEzDOLC4YyadB2JyKzlBhjG8KyWjIKsQTRHcaT0aeLiRxqXIFeUX0u_8E6GLhenSDU3kiyCn_AeMYk9QvfT9q9wSz0u8L5L5-hzKIf0KrQT7PjSjMqA8zk=w16383"
"galeria_024.jpg","/galeria","https://favelaware.animahub.com.br/galeria","24","","","https://lh3.googleusercontent.com/sitesv/AA5AbUDp6Zf8LQreb13qPoFGaXWOJscLbPn7s8wJ95wlor2C-eO9-W8-rm_H2kKp-5tYTHGHdDKmNwwB4fnf4lzH-3ah1qCAMAVM9oxihfkRdsXLYQ01oIcKno7F_TSIE0X-bXqTt857qmH-CTjGyfibm3iOJFD7kL7jVWmoHFzjySjMfdbxgNF2vWtrotY=w16383"
"galeria_025.jpg","/galeria","https://favelaware.animahub.com.br/galeria","25","","","https://lh3.googleusercontent.com/sitesv/AA5AbUBssxVP9AI8lZnUOiPpC6yOqH2peCHZPucz3n0KqU3ur4B26qj2HqCPkDtQ9Y46PggOZm1EkRFcE0XcxZ_tpMwGJenXV7mJi66AmODt4lr_kfn4_dvh7SyFmvHRiuWCKfKJ7MvX0TrIgTfyE6iGpyQKr7qneoTnnGXelghDganP5MvuedwPwRgd=w16383"
"galeria_026.jpg","/galeria","https://favelaware.animahub.com.br/galeria","26","","","https://lh3.googleusercontent.com/sitesv/AA5AbUBB1yU0mw5zPaHbE3reigh-eGR1Taj1Ni5THiNU9Od_1_9s4_MlQ3uuJ5PJbo7OzNC7UB364c03MKyTdsT6m6AQRX11bdVUQL72RUbxTWJ4ZdN4AqqL3HPwrgJAtTUF-C5Zi7BO2B1DDAbMoNVBt1yhGZaFSZOwhxxCpEDl6pMJIMvXPlHrMxAYgmF4pZCAanJDVV-eB9s6Xw7hONHIFFle5rXnULMkDVfvHJU=w1280"
"galeria_027.jpg","/galeria","https://favelaware.animahub.com.br/galeria","27","","","https://lh3.googleusercontent.com/sitesv/AA5AbUB72sHHPTtH8nfMdhoM81O6m_fYzmevKbI-23eaCphqW-jMqgz5KFdHXDABCYxOWEhr9JngERBcD2Idh_53SSGWSion8Mh7vtPptnKegCf-UwaQJscanvN10uq-gTeSqVz95MbENhHYbDRXXRpOuxXvHxkDGQxOpX2xIFnolFuUenR3ttKOp-vWBz8A2a_xpZs74jt9SZ7BKlCMg1wI7SD2ju5gkOAgbk_3tvo=w1280"
"galeria_028.jpg","/galeria","https://favelaware.animahub.com.br/galeria","28","","","https://lh3.googleusercontent.com/sitesv/AA5AbUC2AKYKJDNHREKjFFbpl--TQ8C09y-W6S8JMbAz4dZzRhSxa4rhWc28-iii799PtfZa_JK9y-LKh5L2eURCheA-qvhPnUIz9pOPxGzN5Gn3Jcz24YeDQP6zxEJ3nrryXc0KGI9HwSn0qup_shkW-ezXV_0toUgaEpNcqv4z3QCN63BwMat7flpQx5VoqlO242LDuFMOBXRVpHSPQLESrayd4JNUk5EM8xs4=w1280"
"galeria_029.png","/galeria","https://favelaware.animahub.com.br/galeria","29","","","https://lh3.googleusercontent.com/sitesv/AA5AbUBTZI38EJe2qG_1JudJxZjz7CNP8KY-MGskveQLMvWO8xrnPVqBUaZ-Sr2G0lfZ6KIIsas6w990BjMPik3dRRukzgxSVte9tpZlU8Oo3wzMuX1_yrByulmxo52-yYkCEHXEOa3amhrhZzTtNmfc8OpCqenjiE5PUmoRycwR_5Fx57aalZHPhah1eFM=w16383"
"galeria_030.jpg","/galeria","https://favelaware.animahub.com.br/galeria","30","","","https://lh3.googleusercontent.com/sitesv/AA5AbUAZBZBMvaO2KSbEr3xF5wgJHOwflOSdqhBp_RxK_hSPtG1U2JwRHxg2B-vSZ9oUMvuom4JYwFbJGnRLJssf3eurx7LsywVLIoKpQWbcbC3C9KyRxTraKNIrNpL_VBcECPmO3f2yiUtt7U5TFZsY7lGAHrzH8XjCcMy7NVZiAYGR2S0c_kI_H2AHCNI=w16383"
"galeria_031.jpg","/galeria","https://favelaware.animahub.com.br/galeria","31","","","https://lh3.googleusercontent.com/sitesv/AA5AbUCuK5DrZlhG1GfmzG1MqDiIjLzBw04XwV9y5RSlXGunUrj1Ztr4fIbNy3TC3kAKzc4Nt8vmY68kuZbSKJLVg4WbDz9pLIv9ru6j27omLf7bp6KU0V-T0I62U2rs-NI5bx8C1YH_98YQN3Mf-zSkB5SEGMtJ2PVMCLNJeQ8KhS25S4r0MXJbD7OUj_A=w16383"
"galeria_032.jpg","/galeria","https://favelaware.animahub.com.br/galeria","32","","","https://lh3.googleusercontent.com/sitesv/AA5AbUBFcCatb_Y49oQMnSAG3hkyEUcNKBEVj4UxAKSu9eMA_blXBOJoLXROUEvAAytm2-dwH5BzuaJCPXVdobZn4o0KsdxAoxBDpL4eYLsMzV6pkyKEL2qaOSTvC1UvGXuOgoy8rLFstSkUuswtZBmWLjqPwLO3wuTzMevd1e4dMlLBG4TusaPMXUTPQhw=w16383"
"galeria_033.jpg","/galeria","https://favelaware.animahub.com.br/galeria","33","","","https://lh3.googleusercontent.com/sitesv/AA5AbUDV8ALZ2TkVsneSC3yYpueCFbFK8HlP4OrpiCJ4WP2o5KwYBiQrKh5prD7F1GHk_wIi1Pv6T3IHa8lRA72ZpINnsvuVo_uPdRBcSSWU1kCr69mMoyVb3F9RsucElHq8LrvOsPsbFPx59bPkHy4P0vpzD5d2rREMJS6chY2XGurmR7p79D0JlkpnDzc=w16383"
"galeria_034.jpg","/galeria","https://favelaware.animahub.com.br/galeria","34","","","https://lh3.googleusercontent.com/sitesv/AA5AbUCPIFPuNO3Cx85vRo5wBZsOcDvQNnWBX8FLQukHR13qpaxx3cd_JDtz81dKpFPmOutAKoUUPuwNK5MWe7_FIwHQmo8NuYWS4v0OWV7ScJjooTwFAWDjoBu-saQW_dZsDOvhAMV0fat-xm3Gk8h1uChT0sbtuRLxnVfkcEmOP3wIcJt5_HhA-dqs=w16383"
"galeria_035.jpg","/galeria","https://favelaware.animahub.com.br/galeria","35","","","https://lh3.googleusercontent.com/sitesv/AA5AbUCws09QXV8W0owEuaZlJweEHl5oIAZ8EXCvmtZYlva2D72T4YvjfzsPvSiqrewXC1N4UsnKc7811y3pIgVbDtVCO4xmDkDnpdfqasD4-ObBMPQ8oQRQR1nC_gLIE15gIbaHczEY-P-wnpA5BhjIoKPNy8HWI9JqjSwGscx5ZOCZbTqG3_oT9XLN=w16383"
"galeria_036.jpg","/galeria","https://favelaware.animahub.com.br/galeria","36","","","https://lh3.googleusercontent.com/sitesv/AA5AbUCYRNyWurP52SLnNeRvj2fB-hgjPgSBCEYmVunoMilC6-hFT1k5DAQVOAY21Tq2b5se0G-3y9dgUAZuwrWWll1zJ4wC8IbIWfNBVsAABTqdSBJCByUY7xQtN-pWOAAhxuUVrDMHi65jsJN8LRfW3eFzT69sthAn-wAikostnLj7hXi8SU3cKvgmtqc=w16383"
"galeria_037.jpg","/galeria","https://favelaware.animahub.com.br/galeria","37","","","https://lh3.googleusercontent.com/sitesv/AA5AbUDIXZQRB2LkBRakrAqyNDuhzPDLebqWgUmGK9YbmgXnBzgrq80N7jEsA0LLiWO7JgNgUIKwn5R1fi-TD34HsnkiymAqs9oeqLsVx05AurL5OecarVuVOyweJ3c0peSYjACaDqm7JvxJJelDZJ4tfLWynbm_voX61ttZtDD6t70kJExpvSdQ6_Df_qs=w16383"
"galeria_038.jpg","/galeria","https://favelaware.animahub.com.br/galeria","38","","","https://lh3.googleusercontent.com/sitesv/AA5AbUDqoDXVGDJif-21ajbVjgIbetWPrPN-RNwF17GE6KasXxX8VGZrJBdDD02RnrGsYcISJ2sMph4xCSNgc_0RQnFjtMKFeg_9ruiP0U8PBX3FpXI2LqCFYeuZ0VR6-K-PCNMkt1ML0MN0jKS9ssstHmPlgXi6L9Ax0gUipbVz_xuJYnTJh6tP-JFVYRA=w16383"
"galeria_039.jpg","/galeria","https://favelaware.animahub.com.br/galeria","39","","","https://lh3.googleusercontent.com/sitesv/AA5AbUCY7nXpNxgaQTsXciAXa9cxa6jhONGtXL7fsl5UrFjrWBCfVwRpNS95mB1gsFg7PULkhN3nutn1dGqt81UEQ7Yvns7szWvrRajkc9Mg-OkZy21RqoTMMBNz9mDKjWR6IhemewxLcdeUK9OtilK8JF3aixp-Sl-aNPMDBEhvdQeyxAQ6Y-LY3UI3PpQ=w16383"
"galeria_040.jpg","/galeria","https://favelaware.animahub.com.br/galeria","40","","","https://lh3.googleusercontent.com/sitesv/AA5AbUC9dM86DziNcOhqlSm-rUWNU5s1CYyVDt7_liZFOnQReswn4NJqbtNL37TkPQRmPp0SAuslJtxYvXYHx2G-L0qB3vcBlXi4-Kx-Qa1R3YxJ9o3xEyDyAa_ircLjUX6-RZ0mVarmRF9TAZESVwE1ZfBECWlt1zKlGQUqmbSzDCovG9FO8iAJaN8iVu0=w16383"
"galeria_041.jpg","/galeria","https://favelaware.animahub.com.br/galeria","41","","","https://lh3.googleusercontent.com/sitesv/AA5AbUA8Hbg83eCOdekqiJU40ZeGwcs2P1j4iaOh8ckKsRsDOhJhzB8bxmPMvA3ai7YuUWxXSgGQralkYZ6aciRQ6UpgUvEHhYICihNLc68gsaMTPvi4PnimVNuijZ0z2BURGDij8EEXDgCrIC6IT2MOsRKnzskD3Gd4xpkSsU1nb1M0LFnNGEEejQ=w16383"
"galeria_042.jpg","/galeria","https://favelaware.animahub.com.br/galeria","42","","","https://lh3.googleusercontent.com/sitesv/AA5AbUCd2L1pE9fVOhySrxJck7WOQOv15bzHQOhDoWd3uzRkwUG56Gf5gpaeJpxueUpyW0Fu6pVca5Fj4QHP8hMEEwE6mN3AwRoCxGSwnCzcD0DzweES8nqB4hI7BloccMNwA2Fm1ejmikuOv0JjJs9FvAvJ4bEbLsFWDWWUy4FcnJg87wIJA_vh-xa7=w16383"
"galeria__backup-galeria-1_001.png","/galeria/backup-galeria-1","https://favelaware.animahub.com.br/galeria/backup-galeria-1","1","","","https://lh3.googleusercontent.com/sitesv/AA5AbUDu-Bo7l_xklg77e3QoGX7Avqe25mrrrXrpOQXDDpoVWCIbC-Oc6SWu1rtq_JLSL-uBjaXC4ZUOmOn13pnZA9tAe57x7zw8DRRHzmdVzFOSN5zPov5gj6v7N6bL6MfF1NV9VRIahgXFdnTS_T5pgaMXB8tc6tQ-N69VSOs4h5f4idqL0TWJI8cmAFtfNn2-5YzKAR4ZHouLapEuQsL-3zOhaW6Iiw0qFraM=w1280"
"galeria__backup-galeria-1_002.png","/galeria/backup-galeria-1","https://favelaware.animahub.com.br/galeria/backup-galeria-1","2","","","https://lh3.googleusercontent.com/sitesv/AA5AbUAgoAWY7yJiz5tdocd6vn0oe2k_FER9tn4Kyv9ycvvfDjY_oDlr8qzosM-AIHR_dzqfTK21KE9AUKeAJcc4b4tNumhhL5Ld8LYw1CfU3yicFLju5cgVfo27U-MhsFAcHzOGSUdLucEtiZ46nZGLivyKcGHjAJJ-51XYPC2T3iiXJjwwjML_Cx07Uiko8dJUX2rmjzSVEplxe897FP_a55hDYazWcd5Ehbxc=w1280"
"galeria__backup-galeria-1_003.jpg","/galeria/backup-galeria-1","https://favelaware.animahub.com.br/galeria/backup-galeria-1","3","","","https://lh3.googleusercontent.com/sitesv/AA5AbUB5pSay-WLNnQre5AaXarNUuAiFqp4xIY4mlia8hwHtGzCzroJAQn2etZZHTNY_45PFn3mg5Tj_eyUWINn_K4w7kghmDrD5hTXFdBsaRLU5fcUzVRnpJUg2FHLCh1rY_ZKwQNj5SL1YK8HumdeQALWBJ6-ojTY9aZB1F8WsWpdMkzVeozIBGgCMDfQ=w16383"
"galeria__backup-galeria-1_004.png","/galeria/backup-galeria-1","https://favelaware.animahub.com.br/galeria/backup-galeria-1","4","","","https://lh3.googleusercontent.com/sitesv/AA5AbUBvexvVJxEcHrU3BUXfZwSoM9k8lMkHdL0MA8vH55VTM0eL9-lVEbeCOhLGP6GnK1up_9OEnhXprdguzNgRelBU_dEIVlE6QAwDQIymn01OKB3XMVkgG5GvPeqYAwA1P4EmOF1fP-4uYKfQY7Gt4w_hQh-AMMcqFRWt0ZH-N3jSzyxKB-vspG5wH-Q=w16383"
"galeria__backup-galeria-1_005.jpg","/galeria/backup-galeria-1","https://favelaware.animahub.com.br/galeria/backup-galeria-1","5","","","https://lh3.googleusercontent.com/sitesv/AA5AbUC-sGEQdIo1-MPbDWqkbEqNbbyIifdYnfghgxT2NETn4dPWndvqiVF56CZCv1lL56LkF2KEz3p3ihKgy3NMgy3gKlQhHMHnaCgWM-fDi_8tpjsgp_8R0SfUZpceRc9vhOCm97XC-ubw4pKWd8PmBfPRxteAa7p04sLyCd73FkhDzOxM3utq6dKx=w16383"
"galeria__backup-galeria-1_006.jpg","/galeria/backup-galeria-1","https://favelaware.animahub.com.br/galeria/backup-galeria-1","6","","","https://lh3.googleusercontent.com/sitesv/AA5AbUAJznxCktdqjPHR7l_ModcMGdKgqBPZ4hZUf-3bFBtgq8DHv-M_fw6ie7LsLkI6zJG0qUrDpwk3wuMTdnV0CtHEvHars-3S8nf4dSLDRUcLY330lvWOutpSYHEOwrk1gSI8fh7Dxv1AC7coohdWS01bvygtvrr_J1cC3-LfOwodqzKd25tE_tF4j80=w16383"
"galeria__backup-galeria-1_007.jpg","/galeria/backup-galeria-1","https://favelaware.animahub.com.br/galeria/backup-galeria-1","7","","","https://lh3.googleusercontent.com/sitesv/AA5AbUDNKUH-1SYsBbjr6ghFMvghk432q65nWbvZvdNvbzxNDDp08rBKAFpGM20rQ3aQDq8ghkmXQ7M9JDZxA-bbrKLFfJUFebR4YNXt-akNyL8d-3SIqiwUb40QyEPxEiClkAI7akHHw0wOAMkC8NN_o9vBQMy3Wr0eTCO0YNUIYM1OtobPBumcox9wd_U=w16383"
"galeria__backup-galeria-1_008.jpg","/galeria/backup-galeria-1","https://favelaware.animahub.com.br/galeria/backup-galeria-1","8","","","https://lh3.googleusercontent.com/sitesv/AA5AbUD4upEmRZ8E6OrMkVXXAQ-pvRjLip_cE20IHv7jpMxY-vSU2dcye_LEntMaIcsCp8SYDZK5jFB9E8c-PZk0fikwm_pv3r0ygoN7XOUqAKJQeB4kbFSZvM0uHfHHwxHNycStUlXXtX2ulHw6Bz8JqSGOZPj0KxhQheXd7DN7Sv56NcSoW46SMbBA=w16383"
"galeria__backup-galeria-1_009.jpg","/galeria/backup-galeria-1","https://favelaware.animahub.com.br/galeria/backup-galeria-1","9","","","https://lh3.googleusercontent.com/sitesv/AA5AbUBK_0oK7m8O86UoiWK7m-qS2hGnQ9ZxedxXgKKEYzael9PkhCxFOtwzmg3tVS-KogSCD64DnPtu5asM7a4QZ091NJ8LICIyS27mm-g_V8q2OPE8EMDee-NFZ3Es1c7Mkyee2R1ZKZWdnPNfDb0sJxqUJ3x2u1BHJksxyJsJiPrTEt3yBt898sjd=w16383"
"galeria__backup-galeria-1_010.jpg","/galeria/backup-galeria-1","https://favelaware.animahub.com.br/galeria/backup-galeria-1","10","","","https://lh3.googleusercontent.com/sitesv/AA5AbUBuYAPHZBk3xFUcFeeIdd6P3Ye9n0DVskR7s5jxFFpnzW5a1yKZ8QDde9f_UUMvpAjnfmuD_SeZ7QEBEoyGsQXT-mrOJY5ZRZfFzMnfQs4RDXi0USZrzMJuCUew3OdFSR0hWhaZR4x-A7tqjrxomUis6Uwh-EMm5jX5xKITEcZ7z3l3myRcFonOM0A=w16383"
"galeria__backup-galeria-1_011.jpg","/galeria/backup-galeria-1","https://favelaware.animahub.com.br/galeria/backup-galeria-1","11","","","https://lh3.googleusercontent.com/sitesv/AA5AbUCcpgAbUUnKwBeFL0VCfhLxUtwvTzOVnGS0xRGGH7u_YHOh76SAxOcUJgz4JMa3-KEbHp1bG75dFNxbWFpzrge3YgVvnuCQnLN0n0PzaqEOZbClpdNkUKI65sHI12VRoQwa7mb8cbRBrVPabqLuog7WmmPNcD5vtRRZCnlKLCOl5ONWiQs3vmhU2UM=w16383"
"galeria__backup-galeria-1_012.jpg","/galeria/backup-galeria-1","https://favelaware.animahub.com.br/galeria/backup-galeria-1","12","","","https://lh3.googleusercontent.com/sitesv/AA5AbUB4Bwtq_V73eG1gdq72WqCwmal0x9p-eYr-cVAOt1AnX26Eyk6ljJVf30zHtVhjvq6hVdkDNZXwTf3W_rWT2DSFdivBRJSoC7-F3M3hsorSTETHra4SIaaiz-pmbJhTPMYqj0uMnPxGJhlv7ACYz6-2tngma1Fr9H-2IcmqNJm8xhpRiZz6zzmjB8M=w16383"
"galeria__backup-galeria-1_013.jpg","/galeria/backup-galeria-1","https://favelaware.animahub.com.br/galeria/backup-galeria-1","13","","","https://lh3.googleusercontent.com/sitesv/AA5AbUBvvWgpQ4zvn3HrkjY8simX3PJvVM3dlN_cXFXuLXCLusufcCaPWckAJnn9uciaqvUvtBpaziwqkk29k7ec6_nz7cZOFgjYCaV12Ma8rDhpTzm7KkdW-ejtcePh3cS81ai13XjUt5bUcuCSBLUAXU4cmPJ3vduv4rOvi_VNpuyw3Ze94DSvrLuGa5U=w16383"
"galeria__backup-galeria-1_014.jpg","/galeria/backup-galeria-1","https://favelaware.animahub.com.br/galeria/backup-galeria-1","14","","","https://lh3.googleusercontent.com/sitesv/AA5AbUA7TujtSgWcLTrOvqCDufAYT5FWRJoA-IXQVEd_ZP7_gsBo2ZaScz1seUeeovQuADtfaRdnbct5LoOGAwOr_4m9qk231ZnbY3Wz5JEUTN4FuymCD1vFXGsbYYNL1NW2OJLLS9Gyfts7kglEjCxBVW0UZKRFt4NCaFn0rE4djkVx0eGhvZL0LK4LFms=w16383"
"galeria__backup-galeria-1_015.jpg","/galeria/backup-galeria-1","https://favelaware.animahub.com.br/galeria/backup-galeria-1","15","","","https://lh3.googleusercontent.com/sitesv/AA5AbUCoOMVgTtuzGDsIdMTG8dMdd5IVT-VPKkvgBQNzWIgHkbKWo-0GS9j0Xgmnaz50gHwW_LHLeZQAevADdJ9YhZpUsghDP1M0WFEy-4A-nL-ocSsgbuMinTCu8AQZ4KsEotnGGbGaAOZzzo7vr0GjqmpSnM4kzimQ2rhifdXapngOoM51inOLn80n=w16383"
"galeria__backup-galeria-1_016.jpg","/galeria/backup-galeria-1","https://favelaware.animahub.com.br/galeria/backup-galeria-1","16","","","https://lh3.googleusercontent.com/sitesv/AA5AbUB7Yo8JhmcTL8egiZp4hyPzjZ9ZW57GGlIujetYg7-qVBIb4r1-9NQsEeQUCQCtRUMvDwKF8LAQbysKvKP88l_aP5-ESdkjEoHBzwWHAg3DtlnCW-OA9ic7JbQ4hNSOGjqFiU8kXkVCqbPgZpwuvJ8TnkHROjxq9oYvyzk-fg1vN8THe3IECbHnMtM=w16383"
"galeria__backup-galeria-1_017.jpg","/galeria/backup-galeria-1","https://favelaware.animahub.com.br/galeria/backup-galeria-1","17","","","https://lh3.googleusercontent.com/sitesv/AA5AbUAL4-a0VksoEWvISYLJomowyKaKg6wD1VdoKCtyrxpO0NJ0foi05UVQxXm9c9x06Y0FlGZP0SE94gDqawuHmT0sdf_hsaqlRtytQb0ay6NKDGLuNUQbcETrO7vOGX9OKl0vcn-umKF64kstn5Y1I3S7g3PMZLPBAl7Iz6Joy3WOGUPIud1WPEA-xWw=w16383"
"galeria__backup-galeria-1_018.jpg","/galeria/backup-galeria-1","https://favelaware.animahub.com.br/galeria/backup-galeria-1","18","","","https://lh3.googleusercontent.com/sitesv/AA5AbUBGoQFGVU9SFPO-LwByW7tB7L5lwQvsVf2kwhoAkd-UyoFz-1VRLMwtrQZWD726wfih7OHuaAtIVKX9yQ4_yxU1u2ZV7T33OOinAyAnjQjcdsy3VlnVogiGeZKxZUKY4njWgXx0qMqT48KwuPh0IEMhskTmeYmyVhrdQ0apPNNqkD8OOX9BJVvZCd0=w16383"
"galeria__backup-galeria-1_019.jpg","/galeria/backup-galeria-1","https://favelaware.animahub.com.br/galeria/backup-galeria-1","19","","","https://lh3.googleusercontent.com/sitesv/AA5AbUAY3_kXmaWibL_LchgEIYENg7__kX1BH6841ocnrAqwAViZISEsVR2x2HfKqWteTi2AHMCzoVsi3_pJ-lIy_tgUjY255jva2uC0GbuQJiFGH0KM-QhwniXIC0Z4c-RA7ajBEeanq4CctmsLyumkyPFEAhsEiUkEmmJkfsPa2dn53JSxyBfO_1TiK0k=w16383"
"galeria__backup-galeria-1_020.jpg","/galeria/backup-galeria-1","https://favelaware.animahub.com.br/galeria/backup-galeria-1","20","","","https://lh3.googleusercontent.com/sitesv/AA5AbUCDEgRtsaC97nYa40uGba6raDybDgKaYMwXIVUPbyeXAF4nKH3P4Z9ns_D3EMgndetgbNzaVoqRK6tB-QS568LNi_1jEuPrhiJ2zIEqf7Dd28uF9UZPw-6m-xj9g5cqWdEJGI9609JnsjNaMTI15XpmxaZxtdcm3H0EmjzhfrkrrUR57btKZJZxKcc=w16383"
"galeria__backup-galeria-1_021.jpg","/galeria/backup-galeria-1","https://favelaware.animahub.com.br/galeria/backup-galeria-1","21","","","https://lh3.googleusercontent.com/sitesv/AA5AbUC6syJqGc_ZFThCyGV9sJ_EJG1AMbXt2Dq6W9WM3JEADEkYS4d_Dfq0gLoIX96AZwM3WH4XodKLUaHRfk1SA1X07zXulRQ1uUn_txJjqdRRIXS66v8G7Sbs3lr5kPbajJA5FppIPM-0HUK_jO_2XXZDx2UnlkUFCm_LkiNCQ5BBgOZQBXAoAndq6C0=w16383"
"galeria__backup-galeria-1_022.jpg","/galeria/backup-galeria-1","https://favelaware.animahub.com.br/galeria/backup-galeria-1","22","","","https://lh3.googleusercontent.com/sitesv/AA5AbUCQ8T9wFNFETpMmKSLdoUXtjXQcnqx-uctzUJRDcCBtxDG6HfL9JWS5k2KOC4bgr-n7csSavivIA5KxGSh9pPDsEIQ88TGkhGaSY-Qtbh3u0MMVCja10_N8_NQcOlWXQbhTUoRih8VrZpJnWxWLz8IBj1YQaK7rNjdpVbQvGPhO9tqcnsBlb22q=w16383"
"galeria__backup-galeria-1_023.jpg","/galeria/backup-galeria-1","https://favelaware.animahub.com.br/galeria/backup-galeria-1","23","","","https://lh3.googleusercontent.com/sitesv/AA5AbUDHbd3FJlF-_eVNa0H2O2egYIeIyg3EJLxJaZaalC2cZ6P88rlUg6sCZDOt162WdIr_aw4fOsZ9lK4yxpbTQVMmkB8xyL-doRTY4qlGkmA7Rd8OONz3aJCG6lVTVV41mzrrpLWvTX1SUuZ3FPnf3V1jWjTqw09olkCaMdRTuVw794UzxW6lgvDp=w16383"
"galeria__backup-galeria-1_024.jpg","/galeria/backup-galeria-1","https://favelaware.animahub.com.br/galeria/backup-galeria-1","24","","","https://lh3.googleusercontent.com/sitesv/AA5AbUDcqzvegrtyIKdHL1tiUDgHDtOwTD8mwcwelW5y6fTM7W-LK2lYPnQRdGyapY944zMOHwMYvjEE5eXL6mqPEz6uEP501cLn6oL2_206JgqWNZArLC8lXAY6ojmLPaItak3ELWraTEZ7D2wPtd3g_nk2yOJyvmKrtJlJnlravQ5_ylyvBoGvBnv9UKM=w16383"
"galeria__backup-galeria-1_025.jpg","/galeria/backup-galeria-1","https://favelaware.animahub.com.br/galeria/backup-galeria-1","25","","","https://lh3.googleusercontent.com/sitesv/AA5AbUDvL1x9mj57H8oFIy4X0dPtKcNWxu0MIauWgI1LJbKZsvoW0EALBYECrtxe7YrICHtOa8GfMtk-CW9ba4DcEZ3cHxij4a6-9o5HNlDRntyMpPTx1j2J43pzWMvktr1HkonrHikhAMy2xTodKrDL3-okIU1vTDDjjjNHpMTPUmXAs8Cccb-OvBuA=w16383"
"galeria__backup-galeria-1_026.jpg","/galeria/backup-galeria-1","https://favelaware.animahub.com.br/galeria/backup-galeria-1","26","","","https://lh3.googleusercontent.com/sitesv/AA5AbUDrz7i0_9U3VUuvZ5Ve25JeCT0-K2rCoGDfw2siqts8gsUaCvNsLeMSpqR2irQQnfvpFDyjARrBfbOLmpRR3kVGGGRGOTIsj1UAVDPOkQ8w-_om-UPUiqijACadcJfbrC5geRTbFghJEJiHOxOX35JwthgU396HBGIzZlwQ-pm__-wk7pOI3fq3rGU=w16383"
"galeria__backup-galeria-1_027.jpg","/galeria/backup-galeria-1","https://favelaware.animahub.com.br/galeria/backup-galeria-1","27","","","https://lh3.googleusercontent.com/sitesv/AA5AbUAuuDOoJ0eekNfajAdg3zyb0MaseullToBreI8npxitE_APehq2GeOADD6nZgbAv6vSoVss78ohIITfXL4obA6ObPBnFp2gztMenk_QVnSnH8F3DIms91OOAJJ914yVjPk08jjvG7tEbJuWqpac430bJ1K5UxBXzre4mPwLRJ7VRPWPT66aEAtS=w16383"
"galeria__backup-galeria-1_028.jpg","/galeria/backup-galeria-1","https://favelaware.animahub.com.br/galeria/backup-galeria-1","28","","","https://lh3.googleusercontent.com/sitesv/AA5AbUB45pR1dJkBR8RRpmTHBlOmXLupcYl9DdJEhiKfWltnqGFqsM_habXwXvH1hfhI9XTYbbM00l-caHjgxWU7GDoKjNLyrOjuLJYbKYo4pReuCH3wE6awKzJNCVRTXoehlU4_k714iZs-lOGI_TcbNWWLtxUO_d1Hh0VAixXPtZ4e6n-jG5Yhc0BK=w16383"
"galeria__backup-galeria-1_029.jpg","/galeria/backup-galeria-1","https://favelaware.animahub.com.br/galeria/backup-galeria-1","29","","","https://lh3.googleusercontent.com/sitesv/AA5AbUBFew8hXAAKb0knZEEwkNjs9_uh8SRlyGYBYmKWra4L57ya_Mx1eAPEr9UGJRYgWMDCgEJ-fLK_HwefSvLZ94zwIoljDCwtpNKwHTgVU-Hn5Ml5YRcCUFlTf6Q-kqXi5bXtk9S_YBDd-cI-aEYfXD6wU_TC9xM-8F80lXK_iwrz9jk5i28nqi72=w16383"
"galeria__backup-galeria-1_030.jpg","/galeria/backup-galeria-1","https://favelaware.animahub.com.br/galeria/backup-galeria-1","30","","","https://lh3.googleusercontent.com/sitesv/AA5AbUA55QTqsMdDdEjtfvUZcVKpM2PX14WwNHjUEqTbkYXGJYej-B4PI2DB3dbnHZO9aOU-AT45JUREQ70noOWSsmw6H6_vpHKjdjG-ecXmhmB6RVVl_g9gqJwYIdL0m2LIfBegzzjM2NA8xytkRJHurl_q1wAg4Cm6MP6d3AmEJEOflYTZDXApPnYXIp4=w16383"
"galeria__backup-galeria-1_031.jpg","/galeria/backup-galeria-1","https://favelaware.animahub.com.br/galeria/backup-galeria-1","31","","","https://lh3.googleusercontent.com/sitesv/AA5AbUCb3kGw4vPsK_kYRysBaI6XIvtngddmGZiiRBrqJW6k6gqU9BP7ul3qUYCpmCye6VcmQAL-DmMwE1TYXSLcx3HFHMrmOepKqiAOcKZcnNO3MJQSZEEvBdJzLiXEnr7O6aUl25B0NtQw3jLIbnQL4mDERlF9u2kS5qDuke7c75ZuiwHO9xgg3Mke=w16383"
"galeria__backup-galeria-1_032.jpg","/galeria/backup-galeria-1","https://favelaware.animahub.com.br/galeria/backup-galeria-1","32","","","https://lh3.googleusercontent.com/sitesv/AA5AbUBBj6eIFLxLRV7VdsePq9-_yb3hO-KehZ1ULwrhYgkhKgnW-DIAc8kT5N22IEnr0pgR3KBbd9qD_EZWZwjd9xlSe7uDFNuYB_yNUabzb--jjLBnCLAcWusNQRfrvJ743x_SAgd7ICcZqmkuleGgP6bSVSXbOqh9aJ3FAC9F1vwTP0luWlHuvMKMTkM=w16383"
"galeria__backup-galeria-1_033.jpg","/galeria/backup-galeria-1","https://favelaware.animahub.com.br/galeria/backup-galeria-1","33","","","https://lh3.googleusercontent.com/sitesv/AA5AbUDAmVMC7-S4tGnFISR_ImW1adPa6ns2UAyMxTPGy-V-GkMpBN2EANLyXjDhq8yDaDq0pBfs0c3Uyl5sCHJVwuYItsABSwE4RWQkJMCnrVbMIoSAYROBJBlhuduyQfgAkDQT0DhVfRyGkFGFtilzKBBI2bpnIgW1JuOMQ52Jt5yXHl2-_GIqBraorVY=w16383"
"galeria__backup-galeria-1_034.jpg","/galeria/backup-galeria-1","https://favelaware.animahub.com.br/galeria/backup-galeria-1","34","","","https://lh3.googleusercontent.com/sitesv/AA5AbUBfZZgl2y-iuOOxrm8ZjLfWRa2wT2DCpiYpVwEe6ZJ4BilhgQKs9-7edcFmKiwK16cWb-Aei9OHXCrjKgK7kk31hbHGatP2vLQ8X6lC9_M_iyfuz5vO24QKP-SEE9V38DSFWHaUDnesohY7gOIhw9jPt3ZEwjjGhOFcduHFdBr62mj-Zg0dd0ceGQI=w16383"
"home_001.png","/home","https://favelaware.animahub.com.br/home","1","","","https://lh3.googleusercontent.com/sitesv/AA5AbUDb5I6BuhKo2gP9PQ37tYs_a_A8h83x4mTM_5JZS9pKSllkBZDxPBjMmeUMeLp69n2iDq8VkOv99uX6D-Gp6p6rgbwfjuSg_G-NA7ogvUgFnw5B3s6_cOjI1UZOlwkyvDarbxr9vFsjvQDhLTEII6jxv_zwznfe4oogZiHvqo8ZDgYGFFj2EnHrlPo=w16383"
"home_002.png","/home","https://favelaware.animahub.com.br/home","2","","","https://lh3.googleusercontent.com/sitesv/AA5AbUDkOyKOuDoXc8x_LIaBOb-Esg4IYQ3Yjw2uT0-2YZ_E6MiwCRFmzatpt-ILnC9S4-6V0_T23upDOMeRV4FdBiFZy2aXUnhLQJkJ8AKQJjHdZ04HZxqv3AfG8AKUpxMr2fds2EszOE8yQymP-0KwRPSVS4QYVPOwOMv6tXYvh2XCps8LSBH35QyGOgSv2ySUS0cD2jaFFZUhZvTKlkNvZAEYV1YtenbsQRqo=w1280"
"home_003.jpg","/home","https://favelaware.animahub.com.br/home","3","","","https://lh3.googleusercontent.com/sitesv/AA5AbUD9OLO27cvvJbHh1bQNbjU-73ZyeLrmPj5KkEoRUIlBKU79A_AFKCyT1edsvI4YOXT09INR2vw9tvZ9j325A92wVg6Gu0zBl3rS6S0mRbDfv7EnXr6vCBGHTD_2u6brQPHtLKpa3DqKh0tTTjR1U0pOj1SLX3UpehfoRnM5vavr_zNZ4cErgEkOR5d7echC87tPYO0zPrjCx-8ubXhU9tJ4S7IvRpvH9HnTuvs=w1280"
"home_004.jpg","/home","https://favelaware.animahub.com.br/home","4","","","https://lh3.googleusercontent.com/sitesv/AA5AbUAUPoloN1AufgyfkucmOzAxX6NYRXjWCnw_TpyYgseSzYAIH3NJEQ1kBi6l0FJNyJpM8t4qG4gKZ9N0v2hIqQbtxZJMQLEOTC4K967MObDCrQplrrZGXGf16w7Oh9sZWxG-WtoUAsBg0gBQOp3tw0nXjFFIMhVu0-Rok955ryjjWFnpve5Xjv2ORMxq9tv52YVYv_JsllTvKXXnhda4OyHjAMMf9N0LsPiguUo=w1280"
"home_005.jpg","/home","https://favelaware.animahub.com.br/home","5","","","https://lh3.googleusercontent.com/sitesv/AA5AbUC8V2KneaD6KLQVH1wH3XCTdPp0DpobknsdKGyBgJOs65r3dG07mYjvmGN_2B-xXXgqDP4K_n7EH6hWEcpiqHNBOhRPnRnREeuAHsy376dRT2YzdJQUhk5y15Tp2vz0bWYYFUpktA2O23LBz46FlrU6gYz9H56dW_5whqc-B_alDKs0AwOCLC2HwLa3L8UXo5xc57QQXzrlGDCN9mdNSRRVKQc0Gf8bTsJbno8=w1280"
"home_006.jpg","/home","https://favelaware.animahub.com.br/home","6","","","https://lh3.googleusercontent.com/sitesv/AA5AbUD7unk8_xEVKya_2qXSnT0ofM0li9KAKpzNavbgxtSqOp2GcolZcKn5UUzlb9RHyfqtfItEBL4hXjwq_PTxgPKzlYS5aT7PhUWHmramxCU2z0yiiJuubDDSYjzuq0jZoa3nRIFotn9ls8lhBU0c7gqPZvoFEhXQfO7Qgu_-W5MRLX6JGmUpEfsPbflJ9IsSYK4nlVc4vxlYaa_7vDRjGV58yAoHDyLIpQM_=w1280"
"home_007.png","/home","https://favelaware.animahub.com.br/home","7","","","https://lh3.googleusercontent.com/sitesv/AA5AbUB2N2pySbU08DIAOR8bV8EJg2OEStFhJWpvDXqyeKrYUe-y48WLlBTcudYx1FFr1FGWL0VOu2w42BSduaFGuqh6NW2OjLaRWn7vqS9mjs_z9Y2Gee_-xnNvVBncZBBxQaWlOdB-cTL1XPURsVilcrRDL2Iu2FLZvEaKjCzOz7rD-CcIWWZCkuj3IkNjX5D4B7PHt264FJMUygWkl7R9g-8rN5o64fp5teyL_QE=w1280"
"home_008.jpg","/home","https://favelaware.animahub.com.br/home","8","","","https://lh3.googleusercontent.com/sitesv/AA5AbUAvxw1gLytOMvLzy4TTqWW3zSetCNFENwezjqdgE7bReM4qnA4gNjnQtc5AxidsafjaA_mZKOevDNz02sAzhivvOXbBfxI7fX_YfYchH4EL_FmP3sB4MadirZ7NxRaxri15B91Y0nrUDs7GRWb61IFcApSCHnnDuQ1jl8FZw6eFXyLZJhH4Kx4z_1c9YHy549dLjqqGJkdgCs3CLUWmxSwV5F_V1dpeY9E66YQ=w1280"
"home_009.png","/home","https://favelaware.animahub.com.br/home","9","","","https://lh3.googleusercontent.com/sitesv/AA5AbUA_oBYTNr8CTFacXemuDO_YzYYyQ2w4q7uqzA1MGRCakqfoNaPazOCundvqXnCc7dyLNMJEyatXxeLf4hdewoqUp5uw5NhjozqmP0IL3MS-IL4_mpizZvwKtAvX8Ae8hEBjEjPUhvHaTlgr99M0E2Kh37bejNZREYTwsGevZwlcRuWsdyQKH9C9eDZJBeFnj3we1fS1RovYAoTR0_Bdvh-IW9xJ-6eBwXEP=w1280"
"home_010.jpg","/home","https://favelaware.animahub.com.br/home","10","","","https://lh3.googleusercontent.com/sitesv/AA5AbUCPDqth1FCb59J1T_TLuoZSiHIfjw8Itj6p1qbRatpJ787sK-BNJat3DFwx4VCzieZmeNNLPVYIK79axKFOeeg3HhAZiDOUzByMdMPkGNNUJFq_3WrsLcIcp4GdhB2M5E0w1qODioJCxQPnRD-aX0egRlalnZoRkXuhk95mT6_jocOv7kbuDo1P0CdYJh7owKVXZ9qYCMVTQFpY_znwxLs2E-C0ORrLNLRY=w1280"
"material_001.png","/material","https://favelaware.animahub.com.br/material","1","","","https://lh3.googleusercontent.com/sitesv/AA5AbUBboLsUu_n7Aaht-Nn3eMPvFoWJPqHnIGsHtHFRzseIWfsqx-NmNxCSqLP3xc0qXDTwUUOc9iZ4xOenAaX7VAG-zu3WCkfqyy1tBiUiu0I4hY65ePkySU1ArRTG2-Vy0yn-uvB72Ki-OFz7QyDM4zGW8zkUChpFxJlOqqjSvA4YQA_4lV5aFh7KZIqE1RdiIfHP9zdYsIDqttfK5kvT_tweKDLYQ3x9cYefW1g=w1280"
"material_002.png","/material","https://favelaware.animahub.com.br/material","2","","","https://lh3.googleusercontent.com/sitesv/AA5AbUAadxxEHiZM2NaM0WCeydoZI-I0D6koADXkiewel6glIwHymDmmnHDc6YdRY1cukE3BUcjEBtTtnhJVf_lAyuT2F7jLFKjYRJqpo405qej_JhAHiELDnzNA8lMt4ylkxYDtuFARAjZie8GZsOYIDiVYq9Md_pwEgCHxGXGBVE0_BYg3VAXniCIQry_lPfy4Q97BXKzo2ckCR2AQJg9cnww_EdW6nZDTshkLkzs=w1280"
"reconhecimentos_001.png","/reconhecimentos","https://favelaware.animahub.com.br/reconhecimentos","1","","","https://lh3.googleusercontent.com/sitesv/AA5AbUDnj15zCeIh5wgkV9kPmw5Sfskc8lyS0_S_kA01oAKNlk6l1nbCLXSAF5X_q8I2JGytHGoqanxy6fH6Wk6vyMopOypKyVj43K4deXcbUNizhiO6Fq5GI-4I8eEWDTm9LDQiXyEzE1kkIjKxZIa7ifRi_znuUAUIZbGn-_CsS9BqKS8ySIzkn1UAtbM=w1280"
"reconhecimentos_002.jpg","/reconhecimentos","https://favelaware.animahub.com.br/reconhecimentos","2","","","https://lh3.googleusercontent.com/sitesv/AA5AbUDdz_X08HIMcmgB8Tl-UyeNalUk9Pl-KN-cOgNj7_SOtEOY-fOrLWgcq0H-_HIgyu5dIs0BZREN5fpkuHruTviX1UbKa3oiE0-p1WF991f__1yCwEAdmyrFaxvsHeRCx2bEB3M0ms_RUCIhHXq8_vWbgzJtmXUfBSic2bClhHuabveTAbiB9KJ4Y5ue0YSTU1LisizeC4ckQOVR7jtoeVHN_1CuhyHCfJIw=w1280"
"reconhecimentos_003.jpg","/reconhecimentos","https://favelaware.animahub.com.br/reconhecimentos","3","","","https://lh3.googleusercontent.com/sitesv/AA5AbUBaN277xSdicD9W4BO_M0HVw2vOrkE67R2TbkyFYFcLBxgAweQeEdG2KqiTTctzK8I-cAzhzhsmZS5tGdnBvmZ4lRDJH2QxGC-Dw5qHc6fgyHn_zN6Xzaduad0tUtwOIuV6nntIFHUYm7OA7GVZHDgGMYXGsY2BBdtUa7AB04NfUtUSGAZRW3qjXIM=w1280"
"reconhecimentos_004.jpg","/reconhecimentos","https://favelaware.animahub.com.br/reconhecimentos","4","","","https://lh3.googleusercontent.com/sitesv/AA5AbUALP1uqIG4ovaDeCy6DdaCB0x25c1Q5DHvzbZO5g6gKKNytHhqpyqdfrDa9zbBkdxUBl5tLoLCJAsWOG1Wm7e3jUUE0P3u2DEm7NYm8YAgAZYjSnG7vTIEzsscQ0gD4UDTa6bANsr__cpvcZe_FDAE6FrUcpjLw-n_mVziPSVOoYbOfJBH55T8mKHU2vzIC7FhyyvmGlUq4MXReHY0f0agniMptjzBucWxKieU=w1280"
"sobre_001.png","/sobre","https://favelaware.animahub.com.br/sobre","1","","","https://lh3.googleusercontent.com/sitesv/AA5AbUBTTVpa1EikMK272oliq-2fvVQVleZhoNmB0LydPdd6k3vGCw6P0OQMMUMMz50ExZylV457_a-yvxMmygUxNBhTBhIaXuvYk4TNPWkA4-QcAFkfptUWs3vziSKU8zjfjJdXZ8EtxMq3dtiJ3Rr31Pr1pRPhbGmFpcwMFYIE9z3wqtYlG6DV_IQaKQSpeGnvWGj4pZ0Oy1a7sFAcTiB6xY6zbRTLx8us5TIs6hQ=w1280"
"sobre_002.png","/sobre","https://favelaware.animahub.com.br/sobre","2","","","https://lh3.googleusercontent.com/sitesv/AA5AbUCQlEh41FzDFKN6SM-7oogVbi5AKOnlqBfER7VsaULOa-xGtgFjd9UV4Q6WFl21JO1lFsItlUdm3GCbwjicPJxqSBSnZPujSS1GvY-VB9Mu1oROaVidgz2noDtv7Kk_ShTIo2N5CAvHYl47DSEqY3a8t7p7TkJ4aYVTjRDIh5mOVQlUto-L1Fi9X3By7ne5-2RreDEidVCKH-6JisYszH4MesW6_juzoxcqpEQ=w1280"
"sobre_003.png","/sobre","https://favelaware.animahub.com.br/sobre","3","","","https://lh3.googleusercontent.com/sitesv/AA5AbUC_d-nCrOEl9onzuU2DsQYCpWnfAUOyoEJF4blb6_RoojcG2mTE8kPW5KCFtwvtzIOUNi7g30Nn3ydw8SmVGlbbQKvctqDavabE9FGjsUETUhBV6sKbcAIJpVNlHrEIQkvcNQ0MliYffy7sup0UE5BarAk6NLE7fznAmlJJ3DzvKs153bbT7fV9Nsk-XlL6jDH7sAHzFy9sgqSmK-wieQ75hysl9aqxjeNHRyY=w1280"
"sobre_004.png","/sobre","https://favelaware.animahub.com.br/sobre","4","","","https://lh3.googleusercontent.com/sitesv/AA5AbUDSbZlsEPw6U5wb2YGSou6sRjtvvfBD4dSJ6Fhf6wPv71Le6Uh-x3ApsjVtwbH_UFEgpkjhjqi7P9zqdSwgGWzCcfUsLmY2ayrm5eKCjiXvCoZFBhDvCZYP8h9CahkkuqPkTQmO2xGiJtDWOJvoWDMaTS3yK8vcBgrkzRz9qoRfKaxfPL4eaFoCKXZLqqY7Eeu-MhU_YgCGC_lUtW0A9Y9TYgVQCb44MSWn=w1280"
"sobre_005.png","/sobre","https://favelaware.animahub.com.br/sobre","5","","","https://lh3.googleusercontent.com/sitesv/AA5AbUC82Rcn5IvGyAttmvAGJiuCwS86IxevzriLtD4UnNj_raP0s-sxacmitLSlymcRWAqWltWY_eT70Bbubb6enMXk15wIqMpOfpbF0CriO8yBdQhDQcUwCxLasP0nmU-2tbTuP-tVdfsUqANJb_Sw-Q7AIKcN7EMQ_znDAxT8ODlEBRgT8_c9TMdND6TOutEtaeHx4wchPr6E5jwyKLRvuQrxLc5dhmZVuHbrt78=w1280"
"sobre_006.png","/sobre","https://favelaware.animahub.com.br/sobre","6","","","https://lh3.googleusercontent.com/sitesv/AA5AbUBUHD8ObNiuMEf_SGsglC7MjFIEB_9gPuGoltvRDeWIhYgYR_oMbwZpZVu5Pt6EemuTdI2x6Z9MMv42CUcKfcxkN0mHoOVIr4wHwX98h8IPmUfg-KeFVNm7s2Uo2N8MQzo31TJhNRmj8aJlyk6ZAdHAdsXdMSNmaHCwZKF_zlHJ6ESbFY5nSnpfv7KsFFPiSSYMy4Pq17BLhHzy715VbrV_bmLlK84VtSnbN1o=w1280"
"sobre_007.png","/sobre","https://favelaware.animahub.com.br/sobre","7","","","https://lh3.googleusercontent.com/sitesv/AA5AbUBexMxv2P5Y5Hviw1V3sYc8dWbzlK2Txpxg07b0JcVgiY7k3C1CNh8oTZc8D5RauVO0jutjw53E2dWx0Yv8_--bRPVTjHzO7jw4HN9iYistCiSrlFvlwfNOuJx5uZ4O1eKGFxQUJz6u1jQ4aBjzFJY8SW_63CWorEIr57Ou859GwifB7OXtXtoxdrCg3HOlriZdBCqfYUknwY1Qf6JJvdWAdtRb0rLCeFhgz0A=w1280"
"sobre_008.png","/sobre","https://favelaware.animahub.com.br/sobre","8","","","https://lh3.googleusercontent.com/sitesv/AA5AbUDsouJLeIktKYIK9RiJz9STzVuqZ88JlmIn3RyWd3ChC735vF80YN9Oux3fjY_9frsI77AfN6vyx3qG93jORpzHtY6Gcq3rnw4q_hu8vIVwn_n9pTKR95QYdYeDrWrTUBBG7Hf5a_HcIEDN0lnvb3afkgTeLSBDMMc0M6CHk1VWEdPWftaYduPh-O1jC5Adirgd6Lon7Coi3dpHSjZp2045T2zTLrdf3rYX=w1280"
"sobre_009.png","/sobre","https://favelaware.animahub.com.br/sobre","9","","","https://lh3.googleusercontent.com/sitesv/AA5AbUAcQ3qzWWWEbv7kUn-dXfT2EzG0N8cr4_NLD5ZtbQPEKOB0ks4Z0ph3r_zQNnuNVKKIhxcWtCcCYJMyWxmtfyE548n394p4Trd99awX8TfQWMqin594pkoMwKOyb7S_tmt1BGdFuIKokbD8J4Pz4cIwgD2varJU3wE0kdb6pS0RCSA9FoY-BBAyK_j1ZVdXajDtfk9W1HnSpusZSFbJdo7m86Z1FlW1aA-23mU=w1280"
"sobre_010.png","/sobre","https://favelaware.animahub.com.br/sobre","10","","","https://lh3.googleusercontent.com/sitesv/AA5AbUBVq-_WxF9GC4_XmKbBCziRe4VFzoZ32uSa9-VmLI0rphKyvcr0RPhQ8F0xY-KBODnLiKNxJ2UuG6vd3_EXxGK7_PLnfF_xPTKUw7yYloMVf-p_X6c7A2WOb6aihIEDaFD14Vx0srIiE68-S6gat7J0tGasO3iZqeEl0lxUVXWNFdadsFLDncYNcdYJIcDjRamdQZVgRKPpycI7vdwtGn4qqYcfWsoTHAw0Pnw=w1280"
"sobre_011.png","/sobre","https://favelaware.animahub.com.br/sobre","11","","","https://lh3.googleusercontent.com/sitesv/AA5AbUADFvLirFesyh6k0Eo0ugPjjP3YwAjTI9cIRyAXsTbqgnOLRGJOwPIOD2CocSMTJgoEgi9UheKgopVrT2LsZtUHbQ2ZOLTVoe5LqvVV2a1CkrfkXI5tSjqRP00OjOfCaHtmJb9Diax1kovWcv6Q4CL91jG24JsZTUN3jW3QziTmJmmrP3TkN64_HVSrp2zNSf_UK8GaSHwOLboIrBWZqg4M87iTRPh803-U47g=w1280"
"sobre_012.png","/sobre","https://favelaware.animahub.com.br/sobre","12","","","https://lh3.googleusercontent.com/sitesv/AA5AbUDqzTmLp47KVDO6fUK-6-xGI_5YPyX4WyhBVbz8foK5t9wQVlw6RTRChhlil2_XMW33sL87Ejr-4SHYRZ-GPPaWnW1GkN10kX4CttHRIrU0-IwW5PzaETltE5MgpcIuUNsZAN6s4hh2WriqSKDqJ-u3H-cnTEDiHhTPnClHQPOeizOkPz2qSM3q0qkFOXyLyySaUwzB4CatV6C84wlCX1MkTpjwvfFvNOtYWrk=w1280"
"sobre_013.png","/sobre","https://favelaware.animahub.com.br/sobre","13","","","https://lh3.googleusercontent.com/sitesv/AA5AbUD2uW1EuMZNjMKBp9iUX-28IanyYIZHC-KhLCqo_fpCz3d4GRZz3RX03-AwcDlelXXiL5C0C94OLxf8v1aEmbooRAZgCojv_UwJpKG0lex5-6oqrpRitfQDevPQpkz5sPSr08RWT7w7Elfl0dj6pk_aYYRcjdDivQCHNH3ui2uzpUkZjm01X_R-LjYEtrMehkKD1aEHJ-1xkNl_uatW7BmMpmRTpPKDTw=w1280"
"sobre_014.png","/sobre","https://favelaware.animahub.com.br/sobre","14","","","https://lh3.googleusercontent.com/sitesv/AA5AbUAHnMqwp5ByiQUAT3ZM_-GYHfIP13J8QgX7S6jywBIoVjId4Fx-AQALAdutdhj9M40YVYdPLg6P-TGePNIXyzxhAlqk2_J1Dm6ivWaiCzxJU4G3GyzM9AZRx9_8D37tFDn9lR_ezy-2TQs454G2GcH9z-GdmIz84nPwhYlgMfmIjigIKdOfeb0aUKdtIwZvvsciLSx4X454K1S_Za8AMtu6iw3Lsao6zMzx=w1280"
"sobre_015.png","/sobre","https://favelaware.animahub.com.br/sobre","15","","","https://lh3.googleusercontent.com/sitesv/AA5AbUClSypU5H8CJy52akzWyrsGH5_hNP_M7KO9f2IhhgGpBRkG3GTZGGTWlhKo8bQwWcrzr0i6FYADj9m1JGNN_qreCCwrmIUrQRRLONCw-5smoi2CFClzA6zSc8Ejc20b7V_k-Hgg7o233bZL3imUSOs3qTnl6Zb4OLuO8a-5qcd7Zx0T-noQvlUhfHguiaBnFBu8zZcdeTZeCq-7xp_ZLS7-xZjLYb_4qwi_=w1280"
"sobre_016.png","/sobre","https://favelaware.animahub.com.br/sobre","16","","","https://lh3.googleusercontent.com/sitesv/AA5AbUB9VGFt9rvi90ZCHyh6jBvzODg60ukM_m9yRu85rZZqKRS38hFQIalNpycrnj3xXsXrYdGzWZbJPFoGVsH-rHefr6VcIPIzGusrwAk-0nzAcqeUB024otzvNrB6QG_ubiWVPrq5TfgNAwp6ozbhxrnnobt8W-p0ipXG8xvZ9XoZ7k9PvmosuKwbn2qvSi-8rKI-xiCIaBaH98djXEbNMjvo1VAZuhDRFShlF_M=w1280"
"sobre_017.png","/sobre","https://favelaware.animahub.com.br/sobre","17","","","https://lh3.googleusercontent.com/sitesv/AA5AbUBUcoRnGujsozb7gSYSpCEWYY2i9F5_leFD24QnvK5nPJdEkA8K2wQU3UIevXx-YECckkFEhEOzFlMC4qkLXBNZ68xdk93IRYanFGMjgwI3SUaykOhvscOZT7OCwRi6ZX346G8bjbgfkTqYitoYCxfd59845FEzRg_9pZPc3HJnWghSfCYhg1dJ51tzx1ErjW4bOAE9YSlRgInURluw3jTAceZM9YKXDWM3I18=w1280"
"sobre_018.png","/sobre","https://favelaware.animahub.com.br/sobre","18","","","https://lh3.googleusercontent.com/sitesv/AA5AbUAU75ybQywP8b-7ehEuL1hbcUBwifNQrKp6hahGucRpmyxqdCxEgEtuQowig-Qs8z5jyaN2SdJddmQYXJaBcFJxHpKZlm4vmpvdPK_gj2sp34Nr7vSb0VFWsrNhvGtR7doSxyhx4hmgMH3EjA0nkUz7DvBk678DnhzLlqRv2OeDmkQNjwmanH-o_lHfRLB7ZmWnT4zu1ooXPqvciU-jkswnd1wQyeJA8Kb8cOI=w1280"
"sobre_019.png","/sobre","https://favelaware.animahub.com.br/sobre","19","","","https://lh3.googleusercontent.com/sitesv/AA5AbUDDYcbEEjG4rfzCllVH7Zl5XSDgN6XgH8uzkY84rTldGqSGR26QVjyrG42ShJgq-DeCve2QTZYnRo07Rzf3wiRHEcuA6x6-VcUc229nPBwbU61oczHHgKzEgYJAJNjjkPc9pp3IB-RzRLqsYHEWqIluDEJ8J44MeXkaI3RUO6NqRuC1xxvM8BNd4XIzzmS6bH-DXzmpxOyRoiIrJ2eeMSCMMEX_HfFXEuiz=w1280"
"sobre_020.png","/sobre","https://favelaware.animahub.com.br/sobre","20","","","https://lh3.googleusercontent.com/sitesv/AA5AbUBDGkMclzEvV-LpqsM06En5T-YbvA3NbzFk3oXo9qxjzL77lW30IlNaN15pUuCumaVWlqTp2Bwx_ij_pzGCKN5xEnmBgl-PbXgmnXZg4fTyCc9Ou2t0pvgtU2F466qIJVimQ6cliFN2NYWcJPSUiK82At80-BkMCDnyJxL13_q5Doc5O1pCRHmaFpN_e-BpVu2fDe2rlfKap02z5RsPLJmSoI3fCaVBjK-o=w1280"
"sobre_021.png","/sobre","https://favelaware.animahub.com.br/sobre","21","","","https://lh3.googleusercontent.com/sitesv/AA5AbUBBO6a-2qSSKG0iKF4Fh1lX2TNk6BxVI9_SHnKQCZvKFx4ggXcjcF-GwYzzFBlKrM4dgfHGZWvwXrZ6z5pcNVY85J5tD-XFii92xgpStObWW74LsM6zSkTD0-_k6_DoApQ1DVT9mjYxqiZYJp1zsM572Ig6vfDP_-Ej-PkUxjP822xp78RA0dTOd0MmjRmRuqvxWOlLjDcyxjxOhHqkNvp2gpKIEqZ5p-XJ=w1280"
"sobre_022.jpg","/sobre","https://favelaware.animahub.com.br/sobre","22","","","https://lh3.googleusercontent.com/sitesv/AA5AbUASyx1x2s2jznIuHjNaUyEQ9afyflMUTlN9QQH16h7Ci74CBD8Am1YP65kGmdlYtn4m4JlxbrDZ8Am07bQsMAhOMwOf1_ywroQ8Jf8cuh12-pNScnA32uEcPiuhBFchxN3emry0nwHT9j4gCLybed5VQnvTmovOhaea8DK4693NPYFWG9LK09Gxsc5_YqD5dsdmExrUolKf6Sg-AYi_0G0kp-NdHtZx27uH=w1280"
"sobre_023.png","/sobre","https://favelaware.animahub.com.br/sobre","23","","","https://lh3.googleusercontent.com/sitesv/AA5AbUBTjMPHA5qn_F51-U0RXnpjX9_8JMTQw_ucQ5p47QBFIYib6ttjrKkegSw6wjiOJogubqZVn8fFL4Pj0FWZLVWrcQNKS7XU5-_S_7k2SNguudOEik-ufT-uDNhDxBHOBmOZ__8SDNrSBgZbddIhxFxfP8T1-5AAv5_CATv2j3u0j4lvXSlCoTb21w1Y1tpV4tv_SoedkDYNwAUnYTl6vGjKTtVoLIbnMOhoNhU=w1280"
"sobre_024.png","/sobre","https://favelaware.animahub.com.br/sobre","24","","","https://lh3.googleusercontent.com/sitesv/AA5AbUCSmX_-Bn8wszsGXm1etw0eo3RVkepoTBjsFt1GnnVy0p4Apn6I1R2omIec_7ms2quam_S2o5yE99UjXWxcTHzIrN1uL9ShNcdJO2Ztvl8r1JvYSwdgrmEUNySfhBA1i1p76DoUuvdn_EG3QNUnYiUixFIMMKcE_65TR2g-1hO-JjoHCvRuHn-p0hyzXoNqV4Fj1acuHBKw7GV75-oahRkzSxwTlWNmghmOjRU=w1280"
"sobre_025.png","/sobre","https://favelaware.animahub.com.br/sobre","25","","","https://lh3.googleusercontent.com/sitesv/AA5AbUD7ljM90NIA7CuYUZE0Ov7lPA2UkVB-WWEHFEKlPdrzBeQ4k3bK1FEKNGVugYtEmd2IuO9VcLQFbcDe61vCgJI9ssbeUKOn21gvPVrYZZ8egfujnSKo2ufImKvRrIyMZNAa0VII0_WJg5EFkcFzzCmS23UpKtkRADvN_B_Cxe29Jq71SChDHSuDJl2tNyyVDMrPiK3oI3patNTN_UhhjUNMRa0YSmSm5D5E=w1280"
"sobre_026.png","/sobre","https://favelaware.animahub.com.br/sobre","26","","","https://lh3.googleusercontent.com/sitesv/AA5AbUCSMF12IELzo9THp9bLuyy0Wmp8Oy7kVDqLcQdeybLloMU6PAKwfJNhlh6NxeXfpEillTCQz9Lkx2fVkk5P0aDO7fxpG5IdFn-s4QJL8UXIUS5ESJ4H_osppTe7l0he1nIdB_VJSXJc2UWYGCjHmO9VwXO1B2sNqjuf_SvhtJujLNkXqhS82qyaEW7tRzYFoFU2OgAFJ_M9HnTZr1fe7-Ih7Av6wCUPApPFSdI=w1280"
"sobre_027.jpg","/sobre","https://favelaware.animahub.com.br/sobre","27","","","https://lh3.googleusercontent.com/sitesv/AA5AbUBT7FGFUMPUb1HFT0sHjCrLJDcbjdqF8OjKcxT0-ZT-JxxwHtmAJO6LhJuT5HcH4UNtA2lS3S08CvGYYuSWiXaXKrTGOC-O4RatpG2gjJLaCS6Cnf3Ka7LUpsdIr3ziS53wXdoaTVW7seP-Wd2kNpFbpj4gw8ple3MoC1uL4oz2uYCROZlcWtTzUZc_iKen8OhNMXoIdhwVbJEHLbbtTN6ezTh9F77zhHIDiF8=w1280"
"sobre__hall-da-fama_001.png","/sobre/hall-da-fama","https://favelaware.animahub.com.br/sobre/hall-da-fama","1","","","https://lh3.googleusercontent.com/sitesv/AA5AbUCJc6kybOVclraExrPsOOpfLbfKGv1ein8exsbqBkNUgV2S3Enwv7yw33gqnhfP6ztEjvNHJDS-4TBHf3reR8CPbEv-oBK-I9y3IhU_ZtUrlx1_wcp97Yp495X04PeMSCsPHZih8XA7TibIBH5_ggUYTlI3Hk5Go-QOPoTOOMJkgTYP6kXAo7WPkvPv7AiqrX92AN0LfAOrnsukd-OzjTBhdKvjC5eSq_QRlzo=w1280"
"sobre__hall-da-fama_002.png","/sobre/hall-da-fama","https://favelaware.animahub.com.br/sobre/hall-da-fama","2","","","https://lh3.googleusercontent.com/sitesv/AA5AbUBh4zmneieSF6yry2SLfPpgQnHmBCZ0Du5GJUXbtZ34Fpk_OZCRb2Qp9KYc5UyxSGdkJyy2mnnyHaxgEU1pheTiS8yUpb2ujkzD_s8uP_SmvFk1GsxbRHLr3zSS4yi8tjLPTSp-rUXBXmCg655YAkhkd111C4gFwADxFvQ0P6Z60sAAIsVbVRhIcpY9d-O3hmFd2kIwDUb0aE-wqLqeOa0y3zHCMXcPf5wgNgE=w1280"
"sobre__hall-da-fama_003.png","/sobre/hall-da-fama","https://favelaware.animahub.com.br/sobre/hall-da-fama","3","","","https://lh3.googleusercontent.com/sitesv/AA5AbUC9ninqV0Ge8kA_YZxN-rz6pqcwUeiWJEvzjs_6hkW6q-LDbp70KMl_1mF8c_qNY49pNd80Xvn6tRzF4vZRBimivJUYUbqKtJ7YuTnDWNdZNSlKd3U7icCL9-jw2uNHeZT-sGDGzM9zPU_cC4vnR2YtiAXL7uHcCt3lwRA_zD3UcreCTJH5HOaI405qR0izSpt2FmaguFZWLAx0xC7MTlcrIVuOfADZRo9MPnc=w1280"
"sobre__hall-da-fama_004.png","/sobre/hall-da-fama","https://favelaware.animahub.com.br/sobre/hall-da-fama","4","","","https://lh3.googleusercontent.com/sitesv/AA5AbUBiTq5F9HN1up0CSF8RbQifNKB0IqxtY7uihEc362smsWcfM2_8aP3jZBk9mkZTOLjlX__f_KYXhFACZ1SKexYNZ8kPMsqGMJ4EIl3sr4sHRSzannlFFaDs5c3aWD_Mv83ZQY68vobjLdXcU0w-BMi5mmkvkhYe0CzPDakqg-WSdGNIJUNwkIshiOv8o2Ux9wiK53FM5Ac8QMdTYWHf23DrRix7kS04RbZmCfY=w1280"
"sobre__hall-da-fama_005.png","/sobre/hall-da-fama","https://favelaware.animahub.com.br/sobre/hall-da-fama","5","","","https://lh3.googleusercontent.com/sitesv/AA5AbUAh-pPIn8pOTqE0YUWR5fmpa_Mt5rugO6tHQ3rKhHsf6fkAyi1uvL0zGDnQRNeOnnVh4Q-ZsG5j-clkos-U_indfYcMLDG_V-gzyBQQjjxNdY0fH9QNP_ARXVtc8Oz294Bkc-YHkIMNfiPmaqLn91LvIwF4ENtJjAg9wUFBV1GZ2cv8WdfT3x7sNa7kxeuZSRgnt7FFKalAVtuv48LuT8522Lh2Jq0wtIWPo9w=w1280"
"sobre__hall-da-fama_006.png","/sobre/hall-da-fama","https://favelaware.animahub.com.br/sobre/hall-da-fama","6","","","https://lh3.googleusercontent.com/sitesv/AA5AbUAKOgnD1Daue0xsRR_vHQPKaHkEQHodqTlwnnrBvTssceT7OiHyZsKevQ27UbMTAzZvKMBNGaESTbT06wB8G5vZCOhrAkeKXV7mQVSifIgpkQuZLNiGrP38nLj_jZKh-frdpn-fjudVijjZiZmzxCZisTWRa81l6r0orDG0TXQ2Rb7qNr1afXJURlWYx_OtAmEV0QTJmuJbSnTSPEVAsNgKJSKXVJaV3qAM=w1280"
"sobre__hall-da-fama_007.png","/sobre/hall-da-fama","https://favelaware.animahub.com.br/sobre/hall-da-fama","7","","","https://lh3.googleusercontent.com/sitesv/AA5AbUDqGBRP3ckFsqOeAoByHnZQsSR3eUYd1JZNErW0BEZqaq6_r8CP2CfN6HYhzrRD5pTCa0f5ITPjFd-hJPLDXDGKsyDwXl5p6Wl4nC4MmdaB6Mn9jCpuYz0zNxxJiYZQLFTfkJOTtwzcNkdWZS2y16-X68JOHDSGZK81CR8BIyXbpEaLJKsf_SmOgJh6Xj5YJXUcauiFce1HbrDE6s-RV5wkTreXOoKpAOCSnF8=w1280"
"sobre__hall-da-fama_008.png","/sobre/hall-da-fama","https://favelaware.animahub.com.br/sobre/hall-da-fama","8","","","https://lh3.googleusercontent.com/sitesv/AA5AbUCv5ejRXxZo6kkUZmJ8mPIcRnJTA-KRlPjFwRaqdrzWuWr3jwwjzZ86Z7Z8r29bGkVGZ4lEZIZChOn2eUH1PwEIndKZPp2sb4N7GAUuw_eVsfTIP6UeevwpCstfGipBYyAD1tLHZf4alvFsYtOjZ02lmU3IbzNd6lL7pLcXsGJirqNXoocWF9CfjyxVG_hTCXaClYpBZx88EEH7kEPi7UPmdlevHmaWh5rowIE=w1280"
"sobre__hall-da-fama_009.png","/sobre/hall-da-fama","https://favelaware.animahub.com.br/sobre/hall-da-fama","9","","","https://lh3.googleusercontent.com/sitesv/AA5AbUAhLq02XBbmiTPVbGlkkCIyemprCj7UHo1njkt3pzxZcTbwjZM56GE3y1KcN5x198VMmPdJwXeLGa5OAy6_WMyHEdxPAxQMJR6ov_CdWZ0sBHsK9kjRCokl8DuK9Gc4ybVTdi-9F4M3Q8yDhFXuD1zUngMIHT1_9knuNg2PLrlnsGQgyqVGhKRVI1rQTYOEEMVJ85ncKy_vVpi2odvip6MQ2o4KOsERHRaCKkA=w1280"
"sobre__hall-da-fama_010.png","/sobre/hall-da-fama","https://favelaware.animahub.com.br/sobre/hall-da-fama","10","","","https://lh3.googleusercontent.com/sitesv/AA5AbUBNu2yEIafChqaUYwNLMNMf1rghb4Ul6OK18tX44m8nt_4F8HsLkyeW1r5yDqPjvV1y0xP44E_tjZwABpnPtgEJBq42B8lOqQMWGt1Ha8upktRo3agHS3b2mI2ZWIP_h29kDsLUNS9jrfMlDYd-OAxQt4LENr-SEq_yANZwSm2TcqSLu5ygdvBFT4fJC09OWNg70pSR7_tmVRTb71k97NCo5LpZUDptXHAc=w1280"
"sobre__hall-da-fama_011.png","/sobre/hall-da-fama","https://favelaware.animahub.com.br/sobre/hall-da-fama","11","","","https://lh3.googleusercontent.com/sitesv/AA5AbUC8KGx9SxBadUtDHQ_M55Rsiy2RzCUWfaIFG5j651rl1wUb7chts9cQwm8R6XqdNpN1OU5F_Sn_wYf03ti_fJqS1qrJyxrHrQzgBOpcQHPeoVPFsoD7So2gUr8udUORzxU-j6KcxoaZqhmuonvO-QVV95h-7o6PrV7JrM2Geoq_TLR54fpJq9aytrcM2yEEUyh7YZ7qz5OxzyMqUpZcavcxQVkN6RD_3ioV12A=w1280"
"sobre__hall-da-fama_012.png","/sobre/hall-da-fama","https://favelaware.animahub.com.br/sobre/hall-da-fama","12","","","https://lh3.googleusercontent.com/sitesv/AA5AbUDXEYG9NZfTsSh8eyMbOKJZgL_i-cNtbyn6bgyipjaNYwLuvAzG4Rmkoo9W_g2vvlsYP-MVf4aCRrf9qyP2dRrNpYoz77Qf0TTiFnB_gWid7FcczDNSkqpHmgsipGv8PcYKqARNbXnK-SlJaFEMhNtvo1FjOxJgfi5Ug39ovLVGjoEBoEpmTXTs5xfSF4Z3E2Ig2hMHCcOQdnNoGBWtbsszlsTYg0OZL3WPG2Y=w1280"
"sobre__hall-da-fama_013.png","/sobre/hall-da-fama","https://favelaware.animahub.com.br/sobre/hall-da-fama","13","","","https://lh3.googleusercontent.com/sitesv/AA5AbUBJMQ5lOaAfszmaXh7--YViE4thsa4EerkQXyTfU7w5ZiVAhRXeiy_ms7PMxuSieE1aFXYYzPuYEr26wsk_VON_pOhKmTJnfOqKS4qbDa-OUA2wHUc74p0qcWpKFtSLfsEpcWh0EAwpEcpt_jgvyljy1mvvE61_bTQ1i5SKnbZpzyATrvQ60aS7c9q_OzER6JFCNXGw-SW4kUj35iKt-ibMBKdDE_g1qQ=w1280"
"sobre__hall-da-fama_014.png","/sobre/hall-da-fama","https://favelaware.animahub.com.br/sobre/hall-da-fama","14","","","https://lh3.googleusercontent.com/sitesv/AA5AbUAtD-c2xhN6_nIUZ_fnJVneMi_5vVWFOHM0M7_Kz4_LqtlXcNjIY-vcW7a2of7ty1qY8lFkTfz9odHoIcRoBw8xPhK0b2bI_wjXqAFA16MDJ1cI_NiZy83Hjgrj2nFziR3u5gglG-nTm00l_TiD1h8pamfIrn6Y9NbbEiOl13U4lDb1qQKhvfYok2DhKp0gnMPMnKbrI0_5aYBytMrYLKx3GPPYzTpv0jin1hw=w1280"
"sobre__hall-da-fama_015.png","/sobre/hall-da-fama","https://favelaware.animahub.com.br/sobre/hall-da-fama","15","","","https://lh3.googleusercontent.com/sitesv/AA5AbUAdsS4MJe2TqsgwiFocLi5nvmoaADjp0IMxvdEuNMYfNE8nYL6GwNVT8wmGTxluU8XOV6cffVFEpnUcIC7FeMAiyXQ7mHqvkZhIzAgUVhjYL-ro76JE9kv7TxwzomXv05U5IYpVhMj6sFu2xb5dGAZX3OlI_TCc5OZ9LhrJB8XCkaBW-zN2psSOec1qHkEkJo3Ehqecp1is-PpI0pvB2iEa6JcBGmjiMUMb=w1280"
"sobre__hall-da-fama_016.png","/sobre/hall-da-fama","https://favelaware.animahub.com.br/sobre/hall-da-fama","16","","","https://lh3.googleusercontent.com/sitesv/AA5AbUDyswnNyhaWpAVPx0CevCMK4Uqd88bSPw3LXTUZZal5_Z6W-2wbc9C_Zjt7MvbjwHPF8OkxnHvOQalNIV3np5pgRusRKpqk8iSVM3H-Mu6XnQ3YAm50qf-mOJ8_DqZTfmNkpQ31Owa8IAWyU7ErWo3c2lYVo5HUAWVYRPTpn50n5iKCq-BY-7KqIMDS0-Sjt2D5__Xuvoc5lYTxKC7WumrLsJmne1oM6mG0Et4=w1280"
"sobre__hall-da-fama_017.png","/sobre/hall-da-fama","https://favelaware.animahub.com.br/sobre/hall-da-fama","17","","","https://lh3.googleusercontent.com/sitesv/AA5AbUCGYXfxGXj0JI5vv9oBO0n0_yzfsFO9ajysK0TvfhSLGEv3fBaYyC0Cz-u1ptuJLqiMao2TCd66wToAJ03aQsvq9YP61KCAj7MQf_-EiG0aTR8neYyEaNawgcx1fgu_pEDFQEYDNwkmwXwThxR66ctwV1j3-emCyu4AXRsmAzIPUQHu4JEsWj8Ot_L4tchkXC_BGDonU8_sJy7esLzxHXEtmLztZp9f2T8NAF4=w1280"
"sobre__hall-da-fama_018.png","/sobre/hall-da-fama","https://favelaware.animahub.com.br/sobre/hall-da-fama","18","","","https://lh3.googleusercontent.com/sitesv/AA5AbUDEviIvlSIY3IFv-G0GgSDbXsiot-ITo99UsmumXvY7ua5jiDdcxhkh-oHJ-u7gSAQKCWozngqbRMfQje4swxKiErA78Ri5tLNcdUyC4JEXvL--nbo1pypIUjvh-ValtWaoD4tiSDdiWV9V6Emr_MCbVK4Ja-Htfxu9da68dXegsTywWjmL-Tbf4F_RkYDU6qlcNvDiXD1bKgxbPPLvezi0F0xiUVbzstKH=w1280"
"sobre__hall-da-fama_019.png","/sobre/hall-da-fama","https://favelaware.animahub.com.br/sobre/hall-da-fama","19","","","https://lh3.googleusercontent.com/sitesv/AA5AbUBJoc2gmDNA0ml4aYP0g6DUQuQ45eVbxUg-yQCt4oJxRDOlHLZ7DTIpGgh9rhME6UbTLcbEojFtjKfvwPWUwVJOkW7GDgda4mz6I_Dnk4vZ-_bR3LKlDYgYL-9WSEXGp9F8whPuCGM2grEK8zEfkpw5vs_2I2fIy3gUP8DPS7_WJBEVAUf56u1V47De8qZUV7x0s5qXfTYawGJ-nJF2QW_yLmYlk0tsb8VO_V4=w1280"
"sobre__hall-da-fama_020.png","/sobre/hall-da-fama","https://favelaware.animahub.com.br/sobre/hall-da-fama","20","","","https://lh3.googleusercontent.com/sitesv/AA5AbUDGI76_6YzUAKp9hoFjkQmSKTYStjaF_y3Ej_FNJDu4QCjvjnxO5rg8D0sS9p_Cii8wJzuEvhuexSdyk9ETxTvTen7GVEexZMoEl-Y8fIRD_HYDUw41lPaAnoofKSj7SZCM0QDoDmfeLKBWxJq0lrw6egrMF5UGUHvg02WBAgugH3FlLaiIGBbcorCvNXsGqWoPnHVJa47ywc6zAHHFK5l2F6IfllcobQYb9_A=w1280"
"sobre__hall-da-fama_021.png","/sobre/hall-da-fama","https://favelaware.animahub.com.br/sobre/hall-da-fama","21","","","https://lh3.googleusercontent.com/sitesv/AA5AbUA5559EPuzp6PlSHOTreg_38u0LPfeby6gGt1OGu6ClLfIGrWnL0KGrZNs1nr94HqkK8YcOHrD2JENjdCeC2luqrBJLDetb7FemZVUrpNYIPE4Fm4z09H2jU2WQaK1y9Tkdy38vFD54cy4jO4l4VscRja5y9sPmpJpTb-Z1O85HoxkxXGKHAMk0ULacb1KWWRZfDAr7JWd6FQS1QPKShYugRagh1SqOEKRixtA=w1280"
"sobre__hall-da-fama_022.png","/sobre/hall-da-fama","https://favelaware.animahub.com.br/sobre/hall-da-fama","22","","","https://lh3.googleusercontent.com/sitesv/AA5AbUCu_X8ERK0jRBL75wvLI6MyD9mASUK6JPyZRfND79rlwe7RHlVsjL3k9nef79nrN6bBUIwCvTX0Zb33kj1dDT1ib1864qpcrRmyN6EPA6I0NO04Ypil60zJW9XcJOL1MaXwEMvU4vrRsKGnLvlCVbE5_NnF316HS0XQ7t9DQc6gqvADSOQsqLOeEiZIKfqMRSo3jkuyvVAoL_Iy4k-UAuxEw09CZjYRrWJo=w1280"
"sobre__hall-da-fama_023.png","/sobre/hall-da-fama","https://favelaware.animahub.com.br/sobre/hall-da-fama","23","","","https://lh3.googleusercontent.com/sitesv/AA5AbUBB-NpubLzn5MLTBgj1kZJOOacLZTRjXLQbktZAXV8XDu6Yu-mM1ZgxuyUbSWU0DNgh-O-GBkehwgRylxj99rgTQIImaYRSNB4CfDBz06nrf_FOJsrehma3Y1dTG2iJYB7ajcWL1xW43gOKoZXuNoIdttG78ba5Icgew-hMh9qJ0fA_YoPQBO-wUAYAdRWnVsObqBzSOa7myUWhj-eHrk-XSioMRoqYeVr8HVU=w1280"
"sobre__hall-da-fama_024.png","/sobre/hall-da-fama","https://favelaware.animahub.com.br/sobre/hall-da-fama","24","","","https://lh3.googleusercontent.com/sitesv/AA5AbUCFMgexnuMK6i_V1FnqieQQAer1z5FCGgvljwUwEDec9cuUn36rc_6fwU7xqZ-n_geKavD09xD_g3cadjOR7UFG95pouiwHxO9jlEY0uDpCpOghl8JbrPt3elQDR65atRNTvjiLD8el3LTEB4E9r72xwYfNPM_be3BZEPsxsSqKl6nqtmHM82c3drj46Aon2pW_pWWJetCegfkVbOEStzgNuleacoKu8g=w1280"
"sobre__hall-da-fama_025.png","/sobre/hall-da-fama","https://favelaware.animahub.com.br/sobre/hall-da-fama","25","","","https://lh3.googleusercontent.com/sitesv/AA5AbUC7bwZpvSQ5ar52sOEzqrenMVI47EF3zNfdLg31PpdG5uRmAIKwcj4nS3n4IggxIYhB6opnBwZS_y3mKyiAp0RlywDFprkggOV9lC1Ufrh3buhmrG8FIXzdt4HydykmmlGcb9wNp56u2gloH-3yXE-nQT5YcxdItNtXB3S5ucCD5MYXAewB5pMoTu55QlFamfHUInbI1kvOK_inh994hbkWuftGdVOTemvKUlI=w1280"
"sobre__hall-da-fama_026.png","/sobre/hall-da-fama","https://favelaware.animahub.com.br/sobre/hall-da-fama","26","","","https://lh3.googleusercontent.com/sitesv/AA5AbUBuI7-ZXmISl7FukpD6Ixru_QDDS25904BjEqC1mhKzYvytGOGREjpG7XEV-KMed7AHGnPwKk3gAeZ27D8lybHaJf4zNkjg0aq2f9LhDYWVL36zXskdDj_Dc4hh09dGyyXSl8YZV9S592ZLbWECbkyNHHklXCRSGcJEmuKIyDk8PfsWbldKTAWYssO9klaTVAtSbkSCDxDJDx4sF_g8bI_SzurO5AIJlaxU=w1280"
"sobre__hall-da-fama_027.png","/sobre/hall-da-fama","https://favelaware.animahub.com.br/sobre/hall-da-fama","27","","","https://lh3.googleusercontent.com/sitesv/AA5AbUA04HjQRe8DBSR06AcIyFzmHeAPJzpqSMo3uT9eJDDgI0PZJHjqw_dWKzj4vepMFGVig9sOheJrwtOyNQuLg2wWmc5ZRQfNTl7gLZUqIpR-6UZAPEmPsbLnmyv-W29D3wN9oS_eyBdeaI-lE2axFjjkoi7AyHTBYAlv55of2EQDxL56_6I1fZH3wDyvP-9KCLxAwrfJg6BeWt8iMe9cttYj58iOX1r4I0MpUsE=w1280"
"sobre__hall-da-fama_028.png","/sobre/hall-da-fama","https://favelaware.animahub.com.br/sobre/hall-da-fama","28","","","https://lh3.googleusercontent.com/sitesv/AA5AbUDvzBSpa5ivxj1ivAYcGg7_y1w5DLuiF0rqBffXTKTKRBkZ4dZzg3vn1u5xgrgkD-Zts07gnZaJ5MCi8QiBhqpfoKnWj3SdWGJVY0GQh9_s-6E7mtKsLMdPcKrp6nBW_qEmHq7XqigaDCR-BuRBt0fPsQue_mdHvpPVvUunbkLctLgFkrNHPfIL2nRor1_BPG1ZTvYgNEnx_7M6VrmUPEPrKcYh5Jx5Fc3KEyA=w1280"
"sobre__hall-da-fama_029.png","/sobre/hall-da-fama","https://favelaware.animahub.com.br/sobre/hall-da-fama","29","","","https://lh3.googleusercontent.com/sitesv/AA5AbUBnsvKotGuTuph9_ZC3CHbwb3ELm5fgbNAkBdvh9hLKBWMD1Q3bgUYoGRhJmvIgRBktju10LXAP2EJGDewhT3RAhnNM4MRfamPRTLRd0lWN7jbFB9iD-f4mKJABfUQrbnx5Z5bixwGjC4EWjrwqScfT_LET4CVBi4GZlHwUykjBNFT8B9bN9wo0iFnmlaEC4umQG1vTRGeFWgV07Wc9rpsXf3hh-Wg0-IQHek8=w1280"
"sobre__hall-da-fama_030.png","/sobre/hall-da-fama","https://favelaware.animahub.com.br/sobre/hall-da-fama","30","","","https://lh3.googleusercontent.com/sitesv/AA5AbUCn3g_Ja2QRt3NDGAEjVyQEPmZICjb2khbrmSIHPhF6_NneBlfU20VM77PJADbsMt3Wak6VDukTF0M3UzonOfRCeb93Ydw2aie3tvAIQB_OxpDh-0JEgeTk_ctnbOWbChAQJwTjjvK-m_6IM_jRW23nbVPehUKVFLR4cTAIYRR3ngkFNY_-es9TxmEoyP3kEI0kLAGBfKsPPJ8bZz39nw3gJ9dTXPXPlVL1=w1280"
"sobre__hall-da-fama_031.png","/sobre/hall-da-fama","https://favelaware.animahub.com.br/sobre/hall-da-fama","31","","","https://lh3.googleusercontent.com/sitesv/AA5AbUD4rGb11R2DcpBH7dm4x5-z29__3KLT-9JBd8xIOaKhHnykMybJa-VKMJdI6IDGTB35URutwkXKTv0RDug1U25NtQmuJ6Qzk6bILSbXyS-Uv0WZiZeleq-0CRyv8TCKynS-PYZOJ2JRXQtasVxE47fcpx78LRuueBuJsQTJ0IV2VEi2o1ZvWqE28uDxzy-6K--xnqtjhV28fsmTu4dALxfnaVWyRF_X1-lxa34=w1280"
"sobre__hall-da-fama_032.png","/sobre/hall-da-fama","https://favelaware.animahub.com.br/sobre/hall-da-fama","32","","","https://lh3.googleusercontent.com/sitesv/AA5AbUBFdVMvf8Rc2BPJDDKeGktpe9s5Wh208TJAAa2oton3Q_J5UALfklj_e6F6bgk6LRTMtNZYhHhNGo69qV6ZRkwZTkMbntnoMd33UsszE0w2_ylRMhwuRSVYeyht1WoPuTPctmLVuOPdTRDVOH1EVc24LzDU4zgqmyqAalhDJHYq1a_M7YTuwvI-AZl2MzDVyx-a1xZNtqc47Aa6rQx-YG0CqfH8QuHVBRL5d6M=w1280"
"sobre__hall-da-fama_033.png","/sobre/hall-da-fama","https://favelaware.animahub.com.br/sobre/hall-da-fama","33","","","https://lh3.googleusercontent.com/sitesv/AA5AbUCK5ysw3pL2JrIomUQHiduK7GQwbSbrh42Zc60eFZZcZbxP_nCXTX-YQECyq3EDGURPhDyvSyxyzAEcTh7pyXq4sQEOFJSoCwO6Ey2HtmbqfjN3l8eZvnxTK_D_AE3GEdSQE60YMP8XUuZB_FB_dprKvu0eRfKwRC194dqaumJdopyMg1Ysmapsb6zrQbWikGpt5s7JC0wCVG0lzTNg2PFl9ow3Dz7z5wXZ=w1280"
"turmas_001.jpg","/turmas","https://favelaware.animahub.com.br/turmas","1","","","https://lh3.googleusercontent.com/sitesv/AA5AbUCp0HI8liHaPfD1DNI1dQjInMAMwavEunbCsNcNTMjntDXnHi-KySu7sBmegkfAu95WvCQXFhYfQBYWz8OcoWp8KyPdOF-IneSOaQTbAgGGiFl0ppQHf6r1l4wuWJkK79_pRUbQFsdwHPm7aUpr8HhS0l8ugCiOOOWzVttvWmeGWa6VdnMJ4fn7o1uVmEClP8tb2SvpEqsme-aBozNu6mNOkjUEEJAlI9KsvZo=w1280"
"turmas__hall-da-fama-turmas_001.jpg","/turmas/hall-da-fama-turmas","https://favelaware.animahub.com.br/turmas/hall-da-fama-turmas","1","","","https://lh3.googleusercontent.com/sitesv/AA5AbUB0zpcQuFMIlngYN4vDY5R_vNBlLGWrbwokw5-0QpVXieYoUBA0mMBtizSJCY4bXekfcyFCHrMfXqxodey_E8i9jS1eNBeZ4XtPQOiSTjwBOcCrHaTBUD8cyucWguK2UW9ceHqovwIs9TPql6fsNxFYlQ3FtTvBR1BcADDBBNfCcP4pPk4Ey4yfuAI=w16383"
"turmas__hall-da-fama-turmas_002.jpg","/turmas/hall-da-fama-turmas","https://favelaware.animahub.com.br/turmas/hall-da-fama-turmas","2","","","https://lh3.googleusercontent.com/sitesv/AA5AbUCVIh-au7J0YdqUo_JfrMrLid6CefOd3buK5evw5YzP2y3PQ42X3LZdnWQwhqWvJg8pJSRFO8EpQrq0jT8q5hUxV3ink_vq7V7Qum_GgOailnWv-nrvF9-7SVzMFxD27HS-_GJI9Mp_mVOto-3r5snT_eEjeaT7XNU89sSMcjfKl9ISKQw0UI7SDpjx9v5ryhuSqhI2BMS8CkH2AaOzguT_I-CpH6D8SOPS=w1280"
"turmas__hall-da-fama-turmas_003.jpg","/turmas/hall-da-fama-turmas","https://favelaware.animahub.com.br/turmas/hall-da-fama-turmas","3","","","https://lh3.googleusercontent.com/sitesv/AA5AbUAHbmAiLZ3PkSENrF0cI2NFDTwEQPEQ3ftE2gfyJQgA9Nsu8bXHEHq5eA0jVJp5bXaJkE4uD6PAPDjjzs_x_Ys9o10KQql_bTgUXdvnWpIbLN9iE95IWyZ4Ho8okGbnDxLgGQ09au1qv0coNXWZetHQWA5LIIad1plOjzeQ3ejZv9nzdxaHj7Y7aqsLLE411nu3H8eUignJbbxMQwkgaLcJTjOpNgytft8B95g=w1280"
"turmas__hall-da-fama-turmas_004.jpg","/turmas/hall-da-fama-turmas","https://favelaware.animahub.com.br/turmas/hall-da-fama-turmas","4","","","https://lh3.googleusercontent.com/sitesv/AA5AbUAo76xLK1OmYkWiKhno8PtIrRJOa9jIY_uHzwyjIuIBuOYJxxmkKqhbsQgL-RqBLUs3U-L-GMtoqqulOreoCZRj0O5bn8SYfMPN5hUkk7JZtcCfDzlcJS2Ot_LI2lILvyp42zjUaUH-friGNveofW8MlHKvUfLni40k62VsCGaCIDL7dOaiSiXHl9DocXVYR_5qBbgn2rO9v5F-euQc96UuP5E5o7hL3YOsq0I=w1280"
"turmas__hall-da-fama-turmas_005.jpg","/turmas/hall-da-fama-turmas","https://favelaware.animahub.com.br/turmas/hall-da-fama-turmas","5","","","https://lh3.googleusercontent.com/sitesv/AA5AbUAyfZWKg8wRv5wpqMREOj1m6BXOA81U8evaHDs4Fk2zZSOL8SuDnu704w4fbEDgaiQ-GnBW4R692b1vCHdY4zE0xutiInXxjIJ1LJtfmp0NG_WSqVGFqmnU9xs6eaRuN4gYOUhsrSX1GEVf-CkxEiiwImUvylqtlNyS7BplYqafv_xyycaxUMmIRbUt7suiXhLykglwy8ekuIwZNZ_S6bGVlV8hKa3yg2GZNcs=w1280"
"turmas__hall-da-fama-turmas_006.jpg","/turmas/hall-da-fama-turmas","https://favelaware.animahub.com.br/turmas/hall-da-fama-turmas","6","","","https://lh3.googleusercontent.com/sitesv/AA5AbUCpcgx4utayKAFQACs6rZzcItSU_9AtkLJWvgzMfNVGJFDDVeY_HeLqOQz08iMv_SzT7GXxX4lXVcFvI6GOKXHmyR4vb6-GhfPAxQM8Chw9gkZLiJcabyQmfFD_mrywsES5aC-3ADdSMgIthYxfkJI-AnYoLdEjqyCryflelPmZJtYQmBumAsOBoYVMJBJgkX_atLPqAlzDCHZTTqY7wuWth_JSzOnHOrCz=w1280"
"","/turmas/hall-da-fama-turmas","https://favelaware.animahub.com.br/turmas/hall-da-fama-turmas","7","","","https://lh3.googleusercontent.com/sitesv/AA5AbUAZVzmyb5qIbDIuxwanfS_jczSs8Cnv1i0cZxg2TGDdHnvE3pINdZBifep49KAIR4BjUqfcKMN6IF0VkAYBSpTL3ecN2DB3mzKAQcEhLVh14EeCjCPcIHtb0YHSAMEc7j-LeUwnEWQuvU148REa6JUwQk4CiaQcEMG9HWpWp7Ui84BB9zopT-pXuYp50CqEwiV3ii5sieWfqSuxP3s83ufmqEtAO7srh3Q2j3E=w1280"
"turmas__turma-1-2022-2_001.png","/turmas/turma-1-2022-2","https://favelaware.animahub.com.br/turmas/turma-1-2022-2","1","","","https://lh3.googleusercontent.com/sitesv/AA5AbUCKIh1oohCQicHbLmNjuqtREIfs__OeOaJmmojUOGOXYL954YSpWdyS-4H3NeRhHWXv0yOnrAIh3bUNeToWtBi0ldN8lOI1cU2BF5N1tkki1c4QRLnccGtaN3iZ5dcW-FoFoNhXQ0Q4FUf_fj_WTeFg5g0HECIf7fdU6EI1ugXCNMbu2Oju4oXY=w16383"
"turmas__turma-1-2022-2_002.png","/turmas/turma-1-2022-2","https://favelaware.animahub.com.br/turmas/turma-1-2022-2","2","","","https://lh3.googleusercontent.com/sitesv/AA5AbUBFejZUrKnF1tDoeFvv8B2kWbo46KQSNGNaF6U5WvTkLIB9_MzLiR1MhBYIVF0NcOwQkTQWA0e6fKRKa1NKBzmYFQE0O8qIreaYBKEAuRCjHQumSNioqYcqdXsyElTmoq76moBeRLYoGrZq2eHUGgfQocVhfDLOpvM2eZXTZxumZfIdifTJFQRC9-qyzSz0W9Z7ty85Z2szc7tfAiaOSRbnWQeQGrbwXq-ZhYk=w1280"
"turmas__turma-1-2022-2_003.png","/turmas/turma-1-2022-2","https://favelaware.animahub.com.br/turmas/turma-1-2022-2","3","","","https://lh3.googleusercontent.com/sitesv/AA5AbUCkuaKGuGC7QC6ADB3tVZkc-06ghqrGnapbrIU4s13Alq8lZtKymUMn7Fq0z7Zxv8zmA3kIdEBJ-LWcgw5s35_hBfQHHq6Os_Bqkp6Zdik9lYBUgZF9BYyDajoElw2Qebl0n84CD6eNgCs4akEah0de7bzqkbDEkHaDiMJD5oTTSioawyrDMBCX3La-nW5LiBeVKZJm_7znKbAbAXeNJ4nKYxTflpCGsJqnaUs=w1280"
"turmas__turma-1-2022-2_004.png","/turmas/turma-1-2022-2","https://favelaware.animahub.com.br/turmas/turma-1-2022-2","4","","","https://lh3.googleusercontent.com/sitesv/AA5AbUCjA2KbJR34YLk1r7TJHLsRlALZm6ChW7ByacFfdMg0z5tbEm9-VdFsdjAV4eoJohCnQvR1v3Nfh_E717l1Ky3EoU31sP3lNLeeHAAxevdH4bn3xUK1qOhA3RH-YHy8CVgdcdc5mdxFd8ujlNI3UOYzIjI8f2II1EG3ZgV0CkD22avOug0UX6dkMSfJ-Fl2oTGmDTAxyKykGQnwNZ8hLqfl4b8GNXfIEEnS5b8=w1280"
"turmas__turma-1-2022-2_005.png","/turmas/turma-1-2022-2","https://favelaware.animahub.com.br/turmas/turma-1-2022-2","5","","","https://lh3.googleusercontent.com/sitesv/AA5AbUDj7N9oypqD0Df1tHnuNskl0KxowhQ0WP9cjMs1d8mxBzAS0od7T1jTxpQ1wjRxI74OaSnH3e-ptNfqxe4yH4Lc7-q9VLxmUbGqn_7ODUZ7M0Vl-dAZZlAImxce__INXa1eWiop0ebYWNHjfnFvXRiK5Fro9Pucz_S3rmK3AuCOkjhAOtsPReypzNAJA3CwUlNCstAv1eIo6pfAeeMUaFsEaBMrJJY-dXTcKHQ=w1280"
"turmas__turma-1-2022-2_006.png","/turmas/turma-1-2022-2","https://favelaware.animahub.com.br/turmas/turma-1-2022-2","6","","","https://lh3.googleusercontent.com/sitesv/AA5AbUCuv3mY-Mws8MmhfmOYJ8ovh4gzURW5R6WAXLvCiIl01VIy3Cs_Qm8wAeN5XL7R_3vXpgK3bC3yGGJsCpne4LqyeeBHEg3_NoBO2J_-hYrEBm62oY9lW4u2KkvLi8XpIgImYZKKSTJ-BIF6SsNIycemiBgdaSiNQmY-rzcGLax9N9JP4cQD6GPxAEGdk5ygITaAcRTrf0i-K1Bw55xVj1q5AleL9yCIkphIMpc=w1280"
"turmas__turma-1-2022-2_007.png","/turmas/turma-1-2022-2","https://favelaware.animahub.com.br/turmas/turma-1-2022-2","7","","","https://lh3.googleusercontent.com/sitesv/AA5AbUA5PKBQRZGTgy-hqVl6BY2kOJuRWvTYVE8W-BdYs9ZG7zIfDWnF0kJsNZb0GWs4TCUCgKJpatY7GGu9Xfoui4ChOOAL2xt9R4GG6_IoYcnHjtNVizqI9ky-5AoVYVUfaMfjcy2Zrwacx3E5MvpNx_d6eOKcLCZpR1GUawySgN9BxiS_EUTg22bWRTQ584Bh01S5scJT40dcVCDUg7ezlzyS7GepS-f2R5O3-Hw=w1280"
"turmas__turma-1-2022-2_008.png","/turmas/turma-1-2022-2","https://favelaware.animahub.com.br/turmas/turma-1-2022-2","8","","","https://lh3.googleusercontent.com/sitesv/AA5AbUCtcKve5SLTU7Ag2xoCXlYF0I9qK8ZbN_M35CE8xP3BEyWsw-7TlGMKJZbQ99J7RcdmJb9n1YHKXwoFdqbDaApNTLZficCRZewSp7teci8SiIkj3y3KblcXvZRS_apxlOKnoFY3J-27pl4DJQGaxrRjJz1ymLtDz2qGUWBbZuV-q4373Q87tvByMtdSWCkFb7oXQZKYod6p_3oGS3cPvXs=w1280"
"turmas__turma-1-2022-2_009.png","/turmas/turma-1-2022-2","https://favelaware.animahub.com.br/turmas/turma-1-2022-2","9","","","https://lh3.googleusercontent.com/sitesv/AA5AbUDmEcl3wRcI9vl9jnytG1RYi1QvJ1LHOMinkua0dI2WYTQKWB8tFF62RZ2_2mcNZDoHJPaVDcxhF1jRxfJev7Fc3cGhRXL5nJ-1RYYpzVM7hDHtNiVGc5QIfXSSOUBFYGIWN8dOumjNqhtDmUm5U7_Y_rP2CsaJkYfPRmwkky26-YYCNHtBdV-ztfvVYLHOrLJEoJWF6dwx7SJ7mNvDfCWr9hb7qy2FV0Pm=w1280"
"turmas__turma-1-20221_001.png","/turmas/turma-1-20221","https://favelaware.animahub.com.br/turmas/turma-1-20221","1","","","https://lh3.googleusercontent.com/sitesv/AA5AbUA5SK64pZLrVk1no4_bNFrUO2nFPijGLNSJ0kCRwGHep9Cf7pb5T2JHmkPpeAIDv9Cj3b-xLcxzBl39V8Nq4Z7s54MuRjalR_iiaKSc-bUpMSHctmKkC9_7h-QgQFDczSL0_BiYFTGGbt_XG4rcdAlAGHPpEYeSoUGnQoBcu3LAQmETwYaWUfwmNX8w7rF5MMgeI_6jiz5f6tDLCu4Q2GNmI203HQnRsML8fJU=w1280"
"turmas__turma-1-20221_002.png","/turmas/turma-1-20221","https://favelaware.animahub.com.br/turmas/turma-1-20221","2","","","https://lh3.googleusercontent.com/sitesv/AA5AbUCaluTvWxyxgVxjeyZZnZNsLX_wn-xsbiGskJHcMTI0hxWH9QYqIePkoOtUsYoSrUWKZkRYqHlK-0yT_k0fT-H6K1pDTuKzgl7mL7VH66ZPHW2lhNPF11y2ZmxPadS1-kYugOuGTZ-Xd1xJVFMOzhdyemPqa8qAvNvP9RTSwdTWzZ-qBuK0nYNbG2kG39SegBKc98xcrlbRFmCv0AeIaFWC9q67SnXD6bSXzLk=w1280"
"turmas__turma-1-20221_003.png","/turmas/turma-1-20221","https://favelaware.animahub.com.br/turmas/turma-1-20221","3","","","https://lh3.googleusercontent.com/sitesv/AA5AbUCxjdoewb4_1c4VEKzhD-23wdkx-hEcLEOxCj65N_0v9fWHmvqTq183cTa432X4ZpJ06XF9yGUgkZd6v3WY7hbtKMEPuxnPmBxoDt2cDcWfEtdD2UFiuYqQEw4CB-hy84KKBW5IqBqK98l71vBZZqVaOl8K_SI999gfz3yKlIR3BFM-Rwr6xNCMPxyDjPEIX87LE-R5bP5Q6euCBJu2cLWllRSr_r-cVwG_RDs=w1280"
"turmas__turma-1-20221_004.png","/turmas/turma-1-20221","https://favelaware.animahub.com.br/turmas/turma-1-20221","4","","","https://lh3.googleusercontent.com/sitesv/AA5AbUD9C6d14PSkonufXHB7GeFZLJirZIdMaaa9OUIS6RCOpIaI4beLsEuKbwD8qunF2F9diHrvnCJfGhRKQVnVqlH7y0bT7CeSgOd2DbBqAJeOAHoXGdNSuNmkrocM7umItfO1apop1uj5gmgWgo0eIFF7F5ru-xINXBf41PGPSnhmO_v_-BUTzqT6IKTFPo8Xdr-iEGVkOePzOtL9KORvcPwu8IyoUlC1fjKnvsM=w1280"
"turmas__turma-1-20221_005.png","/turmas/turma-1-20221","https://favelaware.animahub.com.br/turmas/turma-1-20221","5","","","https://lh3.googleusercontent.com/sitesv/AA5AbUAv-CCJOXCSDbdugnmcBWRH9XgUXbgAADN6pAg0TMXtOA7ceRIf17yQpTRR7clKljOg1c0LUDeXOalIFARRegVIDi9HPYIB54gJXuMGIlMKRPdlrVQ1GdE2wS5xH9hYYYW7LDhOwGN6SU_gj516pHHXAVG9LxqWHzN6En6uTXNa2s15MJ3Jsphf6zHnFQe6KJr5-5TV91nAf3ivgaAsQWkQsdog6yJH_k2l=w1280"
"","/turmas/turma-1-20221","https://favelaware.animahub.com.br/turmas/turma-1-20221","6","","","https://lh3.googleusercontent.com/sitesv/AA5AbUBoqOpYQw5ucHZ68XGOrcmMYHMZ9OwXnJxLWzgIbRKUGlPWNaMOxc04fWfpVAVoGvp_GRcXxqOHFIaFWB1hxzYe61Ske4K2bcH87c9ToJ2p4-KFJbLluokVlxb08RRG-j1TyZp8qMkNTfQNYIWcho40NM47e7S823IF7iyw5vUcmC88BocoEr3ljJtxkbaowewoVIv_qfv2WtDydZRWOMx2cctJq4MfW_yo=w1280"
"turmas__turma-1-2023-2_001.png","/turmas/turma-1-2023-2","https://favelaware.animahub.com.br/turmas/turma-1-2023-2","1","","","https://lh3.googleusercontent.com/sitesv/AA5AbUCMCTfQFQ9QKykDiw7J6gQ4hA9diRnQZFLgoem341VZLuoyDXMK6ffFTns6alFfI0lvP7jM54G89JZA0lih0BUkLKrmgiKJ12tI1tR5KGf4XsT1O01e4hb8DB6JVZnJg5wcaGRyokt9KaKUz3NB9tgeNBlRrSZAtNo3DtGyjqU9TYwwbDRbEmFDrnBHpJhc9Qwuk5b7vXt-igCOMjkWo4X-26g8Xy533N8V1b0=w1280"
"turmas__turma-1-2023-2_002.png","/turmas/turma-1-2023-2","https://favelaware.animahub.com.br/turmas/turma-1-2023-2","2","","","https://lh3.googleusercontent.com/sitesv/AA5AbUBszQaEoQQ9heNNXL7t-Odtk7hry8heWhJm-xcQmM2qxmK3bg5KPirJINSLblejUpGqfMY4NTIp93gXvNHVNEiH21uxLNC_6M1x9x2wUNShGlGfZgJjpIEsq5kgRMa5-u4FfkasYMwOy1tmRLjhCed6xwWXR80r4Gb_j6r0_7PfwPfSKKNNmrKlBN4HYvjAY5iBmKXv0dxxUqq_QYJn_gSyATaFOMaVsdPvSrc=w1280"
"turmas__turma-1-2023-2_003.png","/turmas/turma-1-2023-2","https://favelaware.animahub.com.br/turmas/turma-1-2023-2","3","","","https://lh3.googleusercontent.com/sitesv/AA5AbUDXcqi9LReP-mefaKptv7kwKzg9uN4RlvBv0JgG-0lwRZAVQEW01CCj9EDGPIWUZK-NikElWNkRE-0_24YbYlmf26usBURfTRvflN-LoZKejoigGLzXRVxYVmnsRtg25b1dpTfBA_R7tZjsGpKnyhdudIzH-jolgoOZzNVb4KOuQJaN0Ws7JkqszmlTSWfrXhz4sTpiwhicRnw6ECZ2FPYVoeaSOz77pW6gjv4=w1280"
"turmas__turma-1-2023-2_004.png","/turmas/turma-1-2023-2","https://favelaware.animahub.com.br/turmas/turma-1-2023-2","4","","","https://lh3.googleusercontent.com/sitesv/AA5AbUCn6TcxTW8bvCnsHilF7VTpbzqQoUlZ4ft_XWQk4i-UiAXn3ilgZw-oO_dRF2HtvNbw0EguG-TdPQPEH43mG1fK3uns14lJZE7WhSB6ohrM8YiXMzfRDZv44QjA19mTjVP5izu6YGr5GCVfGyvR2HQdZsJQr2fc4ms7XspuhEUtFu3wk7s-EQGW9eLFj0Kdu6YB1kC7MdIrfkHtr_4lIJIxfQ8KsHU5iQj3=w1280"
"turmas__turma-1-2023-2_005.png","/turmas/turma-1-2023-2","https://favelaware.animahub.com.br/turmas/turma-1-2023-2","5","","","https://lh3.googleusercontent.com/sitesv/AA5AbUAtKpPkdqxePVmtFiU-7K5yRUD18nnfFqaEzgkYctVhoiVHbZ-AOLZkXgJ0s8PkC8RDB9SZ50G_NYWfv_uQI1ItoL69VZUCkp7KUJxfbVTwWnuC3KneLqFgC_40Mtg205EyYFPuxcWCeHEMEa7S2BvLXGjzDv25PUXNmy1AJi9PR4LfyaoNru70P1-skbvpF76vm6LhLniiMRtIO7uAcEwuqcWne4iQmXsC=w1280"
"turmas__turma-1-2023-2_006.png","/turmas/turma-1-2023-2","https://favelaware.animahub.com.br/turmas/turma-1-2023-2","6","","","https://lh3.googleusercontent.com/sitesv/AA5AbUCgfISGhcU6LgqwVaYGB6t_pABzc0k_4TuBA8FV2NE6zvYFBdhFHQdAFj3LzCGxjkp_1FkO3fiWf15H6VS77Nz5NqI_f0ZDFBzDyR0iZ6bE_qMoi4f13bCagnnGhDl4ffschuLt8cAVey2Y5dVaY5dGMjsLiOfULaMGYqoYLZ-E6-TYdSQExtC6WTPP1Vwa9xPe4_H5YlU269FAtkCmtqQaD02ShlyOI4BI8ZI=w1280"
"turmas__turma-1-2023-2_007.png","/turmas/turma-1-2023-2","https://favelaware.animahub.com.br/turmas/turma-1-2023-2","7","","","https://lh3.googleusercontent.com/sitesv/AA5AbUDm3SQm011IlRdfQUP-O-39VTP6FZ_-rB9hdS0iSPUHCk1yZH73zmXeP4M4JMGEpXxFW9sy47DTJGhK6TcaU0u-Syzb-rQTIKFQyhi9tJvB0RYYLNaarZZqCgVYxBAS-LuOGj5JXZXqti8_4xZDks2XGJH-sL8i5VhR4wux0GlEorYBs96wkk6dDFJdLsYsKTEfkoii1QgquDyRPODW6iA0SDaQIpNqCzFWM-c=w1280"
"turmas__turma-1-2023-2_008.png","/turmas/turma-1-2023-2","https://favelaware.animahub.com.br/turmas/turma-1-2023-2","8","","","https://lh3.googleusercontent.com/sitesv/AA5AbUBoJZhsCxhfWApv8mE1tT3jVLTgSIiC9IPC3ZAAtXB-mSU-7ENGEg3uEoBbbwkQGqtqtA6VBfa27hlLN8WL-f5lthA2iQoYdEYakOmfyVeYyMrkO43AxUGEZnvY8Pm7oJXPA1H2RQ4fLcaJUBA0AnRlTGJtvUeW83B5hs9RdW3aTxEsEN2G5VG6fpcGv2ANpF4KGFjzDb0JQJppSqwe9YK9alwemsR3S0N4=w1280"
"turmas__turma-1-2023-2_009.png","/turmas/turma-1-2023-2","https://favelaware.animahub.com.br/turmas/turma-1-2023-2","9","","","https://lh3.googleusercontent.com/sitesv/AA5AbUCSCAEc3ODdiSIaBjMBkhWBvRqYy-RygIFidVBmkQ7SnIWt4TSeOZNXGZuRpmz6AtTpyCmjaUC3WtxmUFu4_B-ZZB5s6ouq21Fo-JLVuWXAuxbUnzq6D-qbopUBetsg6_s03wQRfgdfSb_Nf-m6SRp9HPb2Q0GCeHzsH63XV_8cLMA-mX_DqRE9_xe0I8fSYSW7F9HF_K_U2CgZBGEXBJmB-NCHqsAzCXiNh3g=w1280"
"turmas__turma-1-2023-2_010.png","/turmas/turma-1-2023-2","https://favelaware.animahub.com.br/turmas/turma-1-2023-2","10","","","https://lh3.googleusercontent.com/sitesv/AA5AbUBGmJJ4KGBAC6jZV9b7KegnMXYwnStkhzOJnCVjp3Dbqx8spyRiU1uQKTmmMTSqaKSX_g3MhzP7QvYYMaHUmWA6g0XJ_Kh7ukOC7hecasOTWMVsJxMQePUXyeHofwQhQLMq_3qrMyLulG2f5INOkz46y5PUexAdJbe91HTzRGf4JLwVmcfVxD32O7Vnfct8exY4ULhvUrcAOv6naYMFYQC4yvngtmuUb9-U=w1280"
"turmas__turma-1-2023-2_011.png","/turmas/turma-1-2023-2","https://favelaware.animahub.com.br/turmas/turma-1-2023-2","11","","","https://lh3.googleusercontent.com/sitesv/AA5AbUCayak07ccYDoSvbAgiBt7nzSjhv3oi4Rr3qz_lbQEGp8yDS2Njpc9JKhUHaEsBpd0wmndYrZstB15mpbRuVKgsLImf84EEBmQv3fmAK1Zz0k1q-y0zWU725Lq7CzPOSziHN0lEhRGafxSoZtSQgP0RQsYmZSukqyctYFi4ZYrY1zTpAsQ_HmAydrYU5nMpE79_YlM2XoBbmhTdhA8rUvwYO6FfgHzKp3BD=w1280"
"turmas__turma-1-2023-2_012.png","/turmas/turma-1-2023-2","https://favelaware.animahub.com.br/turmas/turma-1-2023-2","12","","","https://lh3.googleusercontent.com/sitesv/AA5AbUALl4phbHB6YjcZ07LA7GOJ4AWUMsUr3xfCILRYP1cgtCdwj2G4soChUG0kEfJwKgJuvUDiW0mmYa9FyHGgzELPpzTBdJVaN28JRSxdEFK-GTZQA5vi3PXSD0kjHal1dJaUb3rC5-8Qn5cxIOW0DE292CDu1iKqHooLDcgvgkxBznlB7ukh_-azmbpihz7dbeGLuYbloivrTh6EaoqwCph1kYK44XgC4g_tcGc=w1280"
"turmas__turma-1-2023-2_013.png","/turmas/turma-1-2023-2","https://favelaware.animahub.com.br/turmas/turma-1-2023-2","13","","","https://lh3.googleusercontent.com/sitesv/AA5AbUBBbuet83x4xuMGdwpbhYh2HQlaTAX27Cr8gu2KhR6Pmo5YG_ikMMnnF9dgNfyl92a48d2_fyeCkPJ5eM0h6av5HwWNXfyrM9K0A_3gwD3R6PCFNpBapNHnct4MiCYFbr8GXL9lcxL3DgMD02ni561vl2ekNMrkkGolmnbabvec3ef5EY-t9MoMiXW7EkNfuz-cmwt754LOLqswUdM2fZfBw49t8lG5ucedMbM=w1280"
"turmas__turma-1-2023-2_014.png","/turmas/turma-1-2023-2","https://favelaware.animahub.com.br/turmas/turma-1-2023-2","14","","","https://lh3.googleusercontent.com/sitesv/AA5AbUB3lxiqf8iwGYxP-aynvPHI7JlJK-4g-H9Vb0_saeiBURcBVY4Jyz4BeMn4pLoBM7a3Jdsk706BWt7DnpsNeG5EECSOwvCwjsoKCeDksaUJsYVaiDc4zZIr85SFu-f_uM4oXMOloAY8o3S1Tv0x4H7zEVYyKviGOURXitaCsIWTKI3miWlScW8X12wvjWCt0EgRophg-20umNCaMBndaffydhXzEGF17WCK=w1280"
"turmas__turma-2-2022-2_001.png","/turmas/turma-2-2022-2","https://favelaware.animahub.com.br/turmas/turma-2-2022-2","1","","","https://lh3.googleusercontent.com/sitesv/AA5AbUBytGZ5EPEYbqNLs4oVFDRHxvZ5XDESQdd9TA6_Z0nybLDimVele8O4lwobnBLoLU_KyXK1VcuDgUoS35VNZAwIYs7fjZEHOYleYNnIigPmFPSTRfnDHRar_I6Tndnqz-A8B5WRmnQraSTJWDsdvJ6poqQib1LJAjL4sVa6Y_wSeBSQsw0r2Zmbzfzc_zJ_xpEe2IP1kWdFMILqOfaPcZ03bHLEseSItJum0QM=w1280"
"turmas__turma-2-2022-2_002.png","/turmas/turma-2-2022-2","https://favelaware.animahub.com.br/turmas/turma-2-2022-2","2","","","https://lh3.googleusercontent.com/sitesv/AA5AbUCQilTlLZvlxnKj37hvd52G-jtkbtNay0D5PmrDpQOkKuclEMksvFUa4QG9Hi3COVhfGSOI_R8VE6ORkHDjTqRvBXIRTOnpxfZkfWLcTSanK5ZDI-0NwWOBo5c0iubiz_DOiD01myRtGCwIthSl-qdBrGfEk1gUxAEltZ21IbmFTH77Pczhg437DC9cgtjqZx73E-HrCE4unO_41qUwvdLAMfiltmmCNouG-V8=w1280"
"turmas__turma-2-2022-2_003.png","/turmas/turma-2-2022-2","https://favelaware.animahub.com.br/turmas/turma-2-2022-2","3","","","https://lh3.googleusercontent.com/sitesv/AA5AbUBruUF9KpBLOjneZAT4zKY5XPKhKm3xYYq09Vtp0njKD0rEzx5D9D5vZe_Nw2dWQSuWWIyNSUk6RNI0phSqZ-oiq8xB9CQxOlsUEyeeh5WrnswbXN8bCOzh-SjJ3ME_0ZLlCIONONYAuHCGZ7cPZnApJ9cEa4FQv8BRh81_U7bLeUHNx3i1_xJyThgoAKIbW5VLbdYUGTauoVX92oPhKaJE42_M6HpwuIbRAnY=w1280"
"turmas__turma-2-2022-2_004.png","/turmas/turma-2-2022-2","https://favelaware.animahub.com.br/turmas/turma-2-2022-2","4","","","https://lh3.googleusercontent.com/sitesv/AA5AbUAb4C6Y1EzHYDN4eb_cZ18vIRzDBPVXCe3NUF77RxYJvAJgbEiY57df8KZA6B9qPGfwg5iXkQ8A804sIhikpREtMzeoW324XVHF-XJ3mderF3xwXwCnWsIef8Ei5pq98QKAeQZw9607Tqz6U4ICp4m54Oo9sVsEjvrZK5onHNSlOwxVztdBjG9JPQsnsXV29H3DJnQhUc48txFcI5avabRXcS5OprJ53x79SLg=w1280"
"turmas__turma-2-2022-2_005.png","/turmas/turma-2-2022-2","https://favelaware.animahub.com.br/turmas/turma-2-2022-2","5","","","https://lh3.googleusercontent.com/sitesv/AA5AbUCYIClPfXjxJOes00-1TFcmuaFr9DEMQuxJDopTdHH7dH2fqoQ1-XcBYSRMgA-xTqKXrLRynl5HIui-gKF-XQBIdXH3Lvip1-7_xAORazc8vftSAiIQZN6XJa9kN7MNuSdoaRwe2VP-4fuY_FcthKhOeBJVlCqiwCVf9VpUzozj-npHC6i0JTwACBD1vZUhaQckeEvh3FgCyr-P7DbtpX3MIoxyYxAGosvf1hI=w1280"
"turmas__turma-2-2022-2_006.png","/turmas/turma-2-2022-2","https://favelaware.animahub.com.br/turmas/turma-2-2022-2","6","","","https://lh3.googleusercontent.com/sitesv/AA5AbUATygD75rJnrRLFue4mhfRbXveo9kL4916CCz7LIs_8chiVnzCEPBiBeZNyKU52QPpTb5vjs7_3sRyCufWA_og5hJmNgtS1WI6DduGRnlUer3PGvpkuJDPaWVRUL3OzNJMD3luNc12MepnNkuci_LT7qxazKJDrRdpGlu7Jk7tANjGe0Z2CsyrFcXOxvVApIatRIRXd-BG1ViDwRwym8EfBxo2iK1yQ1JY6SBg=w1280"
"turmas__turma-2-20221_001.png","/turmas/turma-2-20221","https://favelaware.animahub.com.br/turmas/turma-2-20221","1","","","https://lh3.googleusercontent.com/sitesv/AA5AbUB4PLuvpA6SyBv-P62sCzPliqEfwKgCRpISV35EYhc1MoGH_LmuTbKhBIXRdJ3lnezs7f1K-bZfhyoIsPHVMhk-20rimFfFL2G22pyMSH3uMZUCbZx7yov6kT1xOYD3UjosIVtZtVqExsFcif9IE8GAeoi6QR9rWYVDUkpy87QdmKT9ZNtKNlhhggq_TqKswwVYJnUzaA9BdRBfBnJIYNnVjIw6LGXIQS9Qm7Y=w1280"
"turmas__turma-2-20221_002.png","/turmas/turma-2-20221","https://favelaware.animahub.com.br/turmas/turma-2-20221","2","","","https://lh3.googleusercontent.com/sitesv/AA5AbUC_AcnTxCh6Nl88QQu9WZWApCtLkwsMtCQXYxkTkiu8xeCbROQvCbtZVe48McWJTk6kPQ83s1vDt9HxuhGiWHEVaYdYg7JMNVb96WKxCnY1qXmhzGtEQXCEl2CVnA4mwo12qoTpvxZQU-7xsg9zhfG3qPOzEhrBH5h7q47P5wWQzQHyVb9SSwNxFje2B-kwaz4E6UtqnueETN5lVHOqUcWmZ4nPcHdjsIDewjE=w1280"
"turmas__turma-2-20221_003.png","/turmas/turma-2-20221","https://favelaware.animahub.com.br/turmas/turma-2-20221","3","","","https://lh3.googleusercontent.com/sitesv/AA5AbUDX-ppS1phcpQTrykaz2ZKDWBHAW8DhjbV7PlRJ9502QIWXCtsYTZTtT1CC5A7Vx_GaUcn1kAoEf0sDWJBgMg0_zYzgBeUf0AjInIo_XL1Oyj-jRD-kRDfK3VUxqUh-PVMinLPPWsbXWPB_kN3CqpX-A-9YhR8o2DK4_Iror6bGUaVXq5R4lyVemxdRLi8Z8kQ27kgMfSyF2i148RmNAyLCcXQlCveJam5I7CA=w1280"
"turmas__turma-2-20221_004.png","/turmas/turma-2-20221","https://favelaware.animahub.com.br/turmas/turma-2-20221","4","","","https://lh3.googleusercontent.com/sitesv/AA5AbUDv1knTc2s9M94V418kmLGb-7aJyGgXwf9Kq04qKLyzyVi7ObJYJ9MRh2YChlO6j3_Bbs0Tbdc5O4v1jjjytIQbfl8qnLQlpeCHPsy9i3S9nRUWvE7zeww5HfaTR0TSo9vCreHUHIqj5omh22PoQGssaLl7nkDppBbozVVqehdBX_anP8cGx5d3PmSnAGInmURHbSKc9mhlzjKe5YGt-9srJcVE0kb-6x2RAkQ=w1280"
"turmas__turma-2-20221_005.png","/turmas/turma-2-20221","https://favelaware.animahub.com.br/turmas/turma-2-20221","5","","","https://lh3.googleusercontent.com/sitesv/AA5AbUAQzJ4WaihrXZ69o1ccIinPWK44A3Z_sZZRZAqiwxZCSVlcxS5PGJnhsonLGt254bbWTFJ-fSVGrTrXKQhQCJy4mu3yO_LuEWyD4miB4DyJoFidGZ3SP_45sXMMcgAJF6wNiJc8Vcvg_R4JEmsESp8a_XTgRUOAqdh-ot8AP9H6pGU7NQSzK5UrlaMYyDs0Q93lhM9c6ocYBRMaQ52L7ryK04GpISO_K2dj3jY=w1280"
"turmas__turma-2-20221_006.png","/turmas/turma-2-20221","https://favelaware.animahub.com.br/turmas/turma-2-20221","6","","","https://lh3.googleusercontent.com/sitesv/AA5AbUBQPMCMHdtqcf1YFbJAK51j4oo7yRzHb5AcLWfidC_92pNrkaRZwmuWW39UEPTw1_bLSn1PoB4F05Q0HF8YrbkMyjP40yLacadsbB8mHtMXtTiagqh8lCXt5T9csdfXwz4KAYqxPrxjeE4DgALnXPAtQdUz_k4yjw4iPiNFBgmxGKhm9bEMGQniVyS8CR3hwEckFWBIKXtwxci10E9guvyn02mkiYR-jVeA=w1280"
"turmas__turma-2-20221_007.png","/turmas/turma-2-20221","https://favelaware.animahub.com.br/turmas/turma-2-20221","7","","","https://lh3.googleusercontent.com/sitesv/AA5AbUBlV7Fs4TDp-RF0PtXkB5Dq9jZheBEs4zQtEMF__YAvJzUtBDT4rChhGjmrXQFeWZPyP1Qj-ieMwjC5At1qxjgdIiIERqbtGEJYlsWYXCjqf67PAzOdevLWolgyqFbcT3ifpQPUbTKfSmqe37PrdYSVzZl48JXfk08tSFvBhT_voVDxtSXh9DBJ1yqgwM67rfaMou0HnVwzpLP-XD7FLyX5S1TVKqsx3lgeCb8=w1280"
"turmas__turma-2-20221_008.png","/turmas/turma-2-20221","https://favelaware.animahub.com.br/turmas/turma-2-20221","8","","","https://lh3.googleusercontent.com/sitesv/AA5AbUAyUhVr-KbW6EtNiA4TFUiy-yF1to_Dk3m4sGMAlBelZZPQ4H18_J0WOOBjY-dwCIfbGe79jqNRWfPxYyeESTjEpcQn533r1Q9OSSghZ24uFGn2q6pap7bmMLdYcHRyRCbAFyr4tWJgwmCjHDMKfUWSJBGGtC9yd-BiPyTO-dOMubrsQXGOchmaCxgz1XXcRN7G0YtPZAbp9ytzu-b7nIRoEiN46RTTlgZk8XQ=w1280"
"turmas__turma-2-20221_009.png","/turmas/turma-2-20221","https://favelaware.animahub.com.br/turmas/turma-2-20221","9","","","https://lh3.googleusercontent.com/sitesv/AA5AbUDgJ43IBD1XcTbEqwXQ5V32L3vQT6ujU5hqJzPTauTopLfVtheGWemnsq3dVAv_WCbqYXVM6gVDe_ein6P0NYwXerEY0HPTAHE4lhT0HxFI3WmK_0hCTyzBGS2nFHEAZBRHFuOD6xcxr7tGNEpyRK7CX-8yi7xAhakq36IgZMYUqBibHYG_E09NbUFV9lZoJhPYPl1r1rrKwDQyBZ2zpaUc5apsNlmYt_y5=w1280"
"turmas__turma-2-20221_010.png","/turmas/turma-2-20221","https://favelaware.animahub.com.br/turmas/turma-2-20221","10","","","https://lh3.googleusercontent.com/sitesv/AA5AbUDf2LL5LDmIxKq2nL61WmIzVPRiJFkMaIghXcWgFX7S5nmDlSN8lWRFeq7LXHZiatpDIwXv78X0CxHRt0NLPffHCJszb6RnzsLgKBYzVtt4KmQQVPe5_zrvgwqEzwCygX6003kA0YM8e7wQf049A2OGKnB3Dde7u9aMWPd3z94Sm6jdA6yGZzpVUoHkZ8lr4eDxLnWMA48ZraHzDnZgrXxLUc9sm56cG8zh=w1280"
"turmas__turma-2-20221_011.png","/turmas/turma-2-20221","https://favelaware.animahub.com.br/turmas/turma-2-20221","11","","","https://lh3.googleusercontent.com/sitesv/AA5AbUAXHHUpCMUKWjT5mh1qv1DDu5YTqphoRWP9lGaLo8iwWzdBYbh0CnhSvWSgjmVGhx7uY-yNj4csABacd4P6boR6ukvYitrWylGzVR2YbaN9QngqemfRLXIY7elQx3LYULt79hdf5PPCptC-ee5z7AI_b_ktY-LdhsPleNHiwyqNBqLIpHbhJGKtfWFhZ2mj4rsYRqLEXEYQZpySMgLcBijMV5bPABbKyREI=w1280"
"turmas__turma-2-2023-2_001.png","/turmas/turma-2-2023-2","https://favelaware.animahub.com.br/turmas/turma-2-2023-2","1","","","https://lh3.googleusercontent.com/sitesv/AA5AbUDO7BfztYazz061NS242mv3Zm-sCD5_WvkuVLCkPas5H7aEmj8mza2tp4UVcVQYy49CYdzkmSn-Jn9kiVecr6WBrHip7KjZ0uUMknuttW6-BLTihXqTYqMR5SkCcfN1ZvnWLT3G4RoVOkd2odhUaTNQqZ80HoeDqhpA9GFDrLJ0wYpKSQmTZ9BKxWEMoLUTnAIv5KOBKAUzIlK654YcQfroLWCJYxeS0ViSXaY=w1280"
"turmas__turma-2-2023-2_002.png","/turmas/turma-2-2023-2","https://favelaware.animahub.com.br/turmas/turma-2-2023-2","2","","","https://lh3.googleusercontent.com/sitesv/AA5AbUBiQKZ-Shb_0kPPq3zh9LLwjs9IrQzPF8wQwD4aBtnxpMB-ZlfDvEf_LjKUHCeT3c57hFm-Uw8SPQqB3tUt3_yKH6AohOUgwT2HpJoNdYzcIl5uWDkughzjpcfDndxUyVHz5lF_LaJR9eulwOn6YUMFXncOudklzz0Dn3zmUupeqGe7nKxe2a8h8vJx-ShySBHUMHmbg6VcB6M0gM3Ozzo-jex6-SxD3Q=w1280"
"turmas__turma-2-2023-2_003.png","/turmas/turma-2-2023-2","https://favelaware.animahub.com.br/turmas/turma-2-2023-2","3","","","https://lh3.googleusercontent.com/sitesv/AA5AbUAZ3VS8reBCJc-jqcg3IT3bYRycBZR4grrz2CdgGitTBs6jtwNDxjacgW93oAmW9CcHYBC1vx9ryGfZ7HkrUm-JaVkQs4IDGRbfDo0xg3ldQZeGpF8-A32nxPrPnJotcdmoznet-659fPckkK7yGDV5Kx1i_yIP6Us3QDyVQFQkfkfwu8z4v7rEBWSQLX9T6gRrwcx_eTAWgkYZ9E1Od13FQZKS5AoYXw31=w1280"
"turmas__turma-2-2023-2_004.png","/turmas/turma-2-2023-2","https://favelaware.animahub.com.br/turmas/turma-2-2023-2","4","","","https://lh3.googleusercontent.com/sitesv/AA5AbUDSlTaAk175qN-1VR64tAVdn80cjTFTqBeoRCTXxWldMaNUcFc7cZB4b2tNaTkyqJLsAZ8Me_KtM6Ozfzb9FfkLlRWHQXp6bcDAHPqrtwMt8EWKIZf4NHW4Y5Ld55y_7kEceM4TvIJETffwWGBgKyq0aqqZw_3XnmnkSTDqCoTcAn9JnY6n-3FFagvISyUHNtRI6Wz5jcs49N6eY5rSolb6vku3gCOS_w5uCZ4=w1280"
"turmas__turma-2-2023-2_005.png","/turmas/turma-2-2023-2","https://favelaware.animahub.com.br/turmas/turma-2-2023-2","5","","","https://lh3.googleusercontent.com/sitesv/AA5AbUCrRZOLLqKNFLYLbkmzecCzY5eTPcvg_MW518RUjZlQJap9z6DdSVuH6Bzq2pkviCTeORyyEYpbNZXyJdyZTzgJyro-8fMKlfsbNrIYZwveY70B9dvDzColJgKR4ld531Y5YHXFN9hIG9JZ1lGjCFXjfPOCnvy2PHtKCfnGM6S73YkaDWWEkarpujrLt-OA54e1RFWZjWDO9ENzK2WMUv_-iW1YIq4tWGYq=w1280"
"turmas__turma-2-2023-2_006.png","/turmas/turma-2-2023-2","https://favelaware.animahub.com.br/turmas/turma-2-2023-2","6","","","https://lh3.googleusercontent.com/sitesv/AA5AbUBK9s_4lV0HQOb53D0hDS9Z3J-opht62oaENv-s7P7iTfjmNduTViScM__zagLLW6qDh1nI151BHdYfj2bWEq3_XRU4wttemTavRhhNMuEBAofYx5XMv_Kcl6WxnYIiZVTgaE0ilzNhNZ4T8qJr26-IusxLQtQFHwxeIh6vL-aKP55Z5b9eWOzto152VRxW0pReV4ytvwZNFlBjXMy5G9mvVTZICSxCEY7hcp4=w1280"
"turmas__turma-2025_001.png","/turmas/turma-2025","https://favelaware.animahub.com.br/turmas/turma-2025","1","","","https://lh3.googleusercontent.com/sitesv/AA5AbUBtbp92Wt9vzCVIs0yM2FHUKKg5DxunzEhk3zatPRhLfa8meo4M4eCnN4unWp1fsusSufSgiFjh-QQw5Cea_6nLl12G7GIOPVgwJjSUK3_kYlb9N1KOxpzLHcT_GTiSCxKTpj1XEzqm7-lTev9NQGkIHTDaUuFNLMghgprkvcFa0Plmn3qm90TpHkqgp-829XpmEAMTiI8P_VWT7hYekQn7dhqGA4Hhm9w6reI=w1280"
"turmas__turma-2025_002.png","/turmas/turma-2025","https://favelaware.animahub.com.br/turmas/turma-2025","2","","","https://lh3.googleusercontent.com/sitesv/AA5AbUBPKLJIoM0aOLn7F8naxYFyA8NSaamLQzLb_Ln-GzryBFRr51jlnwkJRiJl6zHPbjk-5epoye5pLGWdjb7XrCeOp3OD664-4oARmPGOPcpy5iD04pKG0-Nc4WSDbonFn5bcCsYae-jdBs1yg3QD8oA_veyBR1sa8xuuqNmLpEX5atgwSEF3dlMHqns49DfYeJcy3LPnaSHLREfcbpA86lpnfGRsiSrvzd2Gne8=w1280"
"turmas__turma-2025_003.png","/turmas/turma-2025","https://favelaware.animahub.com.br/turmas/turma-2025","3","","","https://lh3.googleusercontent.com/sitesv/AA5AbUCjYdrTkI3Cmvx1KHMcWuzpCwxpmRnB4tBUdz_lmwpiGMbAZ7EuSMhwAnYsW-3C7xeBxV5vXoxw-X78baQSULfgmAvgZHfyzMxxSrUpXl8rUW6MqK2ruUOZyshamfDnYXrCp_9wF3DWXqACNCfPnGo-wCJ7xzB5Or--7xNVTEZl68aIRdgAs2eoSvZkJTPiYtfpYpXeFdBRwm-gLpL-l7QCyh-iCs7q0HHRmiM=w1280"
"turmas__turma-2025_004.png","/turmas/turma-2025","https://favelaware.animahub.com.br/turmas/turma-2025","4","","","https://lh3.googleusercontent.com/sitesv/AA5AbUC7VwQLQbpee7MYGb1iVQysQSbR-RGrnmgj4FpHlmYCuhcUDCIr39fcPuMmwe1U9PuUhluNF1HYPUo5IE2z0b2to2eqxAm1T-HueoxjiUVXNTwBRBnopuVccjZ3cEFLHc58v3aYOgM3BfyS7RRXSYrunzKan2kqIcbLr6U4yuBgBnbsgja9mjs9mhzhIl7VFN5vcclGq3mnoaXUtb3rme5DQ1eNS0Fs3Y8RCdA=w1280"
"turmas__turma-2025_005.png","/turmas/turma-2025","https://favelaware.animahub.com.br/turmas/turma-2025","5","","","https://lh3.googleusercontent.com/sitesv/AA5AbUCO_1zIOdTdxQMYHhmuNBsUJ_nzWZbBM6MLYZmjNE1J_WJO31zTGOpzlIphyg8nwyeiM-WLOuw10vjT6GoNjiS-MLkxQIg2jiiEvLbHapCEPnjhagsZ7C9cuvQwn56vwo7-w9NukijIFDV86pVf2MWxdYu0aKYFZAb7AasDwRfSWy764POcK1C13pjpaDDIuNSiA4wMYsrSxf3dt9LW2cnzQdXmE327T1R4o2E=w1280"
"turmas__turma-2025_006.png","/turmas/turma-2025","https://favelaware.animahub.com.br/turmas/turma-2025","6","","","https://lh3.googleusercontent.com/sitesv/AA5AbUDD4tqVQPb9iz5GHOv7ERpgEmDdXR5DdbVENJC7Gt0GLtxfe7GHhPvNPBsVPbAfNCYito--8X6kUUKOXfP97TJcenCssFPH75nmYehHHe_FbnOzuEYn99j01eufKc2oB0-pod_apk8YuokCKGunFFhwbRqBwM76uCTiO1kST50kVZL4MGv255MI2V0Zp25aEggtCMmEvketKBjgb2ba5k7ShTLGGCSXZNyB=w1280"
"turmas__turma-2025_007.png","/turmas/turma-2025","https://favelaware.animahub.com.br/turmas/turma-2025","7","","","https://lh3.googleusercontent.com/sitesv/AA5AbUBn6yRKApVpjZO1Cy66zzB18sUc-t2qivHVNBddlUFvPkURYqsh14SAU_4_ipISmHmSv9f_M-hDt_GpasUupzQ92CBb_SF4hm6qdjhTxzzITy0ILLiEz80myu6He2HCwt3Cgm1ViXs8Sd94xmMGtisaXTDMs_-qoCFX7ErWB8ZzqJgzvZxGpJ_Ph3uXQAJnkPzwvhpudOHWnMb7UD3jnpQ4qQHVPiDgbm-B5rw=w1280"
"turmas__turma-2025_008.png","/turmas/turma-2025","https://favelaware.animahub.com.br/turmas/turma-2025","8","","","https://lh3.googleusercontent.com/sitesv/AA5AbUBUSsGZFsLpT-eMNagfSc-qDAErWG-577-OpBtb4V_ZUmsQTV3J3Aon468UNycFyTfGz8DW6Pl9vgTT0erg4_4XeN2J7iSCuepmBJB_6SYKPGKABjHUmXvFlREnfLoHOMLPoesyRn3ygCh0ca57ff6ameiOIuYewRZTq9UZUFVvPD0SC-4YZqgL4aKgOF004QjrFI9Icb4g1V3KXCZRn5bYaWEVMP8m5IvxTZU=w1280"
"turmas__turma-2025_009.png","/turmas/turma-2025","https://favelaware.animahub.com.br/turmas/turma-2025","9","","","https://lh3.googleusercontent.com/sitesv/AA5AbUD6_qJfs6xJc_hoemH7hM1glLgn0YYdquDBeLzp-vnS2rMUSd8EJztIIjhdvUbkP99W1ouiLiwgBHmqLCMWYjCZBDDIXgkIuE0wygBwYQqIJrE4mZAycI2XHnH1dTeOnMG7AkHppY9DasRdfLXhBrMbllM6kry73CkBV47QqYzyKonNtjTyMdkuadKizv-ccj64HgJuz48h99ya0HN11CXc2O3FuuUXbk1ItCk=w1280"
"turmas__turma-2025_010.png","/turmas/turma-2025","https://favelaware.animahub.com.br/turmas/turma-2025","10","","","https://lh3.googleusercontent.com/sitesv/AA5AbUDh3ToiMKfFo3vS2Ryrtu6TrwYtWkCFPm0jfCRUVOSp55Zu2SKlheDSIG5wnzlrwqRL-X_MfP7uxTv8fClFJX1WJBSy40_1J4n_0GjozMRlSUxQsY4SLuWzvbbRxmAaRP2Qnq3D6G9i-Ya2uo7af6nHtEuKll870Z4FZsc87-ejxOGyYDgH-KQ9vAvZLaJMH_fFB5VM2UWspv_nfOkLCxbI9ClYCuusEdlz_m0=w1280"
"turmas__turma-2025_011.png","/turmas/turma-2025","https://favelaware.animahub.com.br/turmas/turma-2025","11","","","https://lh3.googleusercontent.com/sitesv/AA5AbUAtG9g8RWg88i1DQhyq8_6HjBPNDAGDLcwu2DTDV05_Ky6xugUH14L5yd10yuV4jMI-deRNyp6pmce8T4ldtcBSCoLkMoJSvX7p7-AVbv_z1KcCc32vY7ljTUNVjmrJeVOHIfPjP_ogY-dtaD-Lao-ykCyLCdts86sRTUVlQWiH0sK0-oH6DrnwYSOkNpNVyOQ5_GWNM_6Vvevuaz7_B_sLrNRo5YDujCsyqjc=w1280"
"turmas__turma-2025_012.png","/turmas/turma-2025","https://favelaware.animahub.com.br/turmas/turma-2025","12","","","https://lh3.googleusercontent.com/sitesv/AA5AbUBF02DwA1isxriF1YL_4lZldg4b8_jqC40APi4vR6TsqixUCtDlrDAjNEQTEps7PakAaJP9cOT3Rs3OP0xyiOkDps6OHrJ5I0S8Z7sjtM1DoOgJHy_5XHArAjdIx88tt5_pN5R1OQ_-VAYYWa1_bqkOkyyzTe7WOzbJTPm42N7FfyrlZcLeKKeKH3AA5KFE2Ii1MhJZUQ-YW4ssuSBHw-1g8TGtGHP6eUYh0Lo=w1280"
"turmas__turma-2025_013.png","/turmas/turma-2025","https://favelaware.animahub.com.br/turmas/turma-2025","13","","","https://lh3.googleusercontent.com/sitesv/AA5AbUDzhIjR-UeJC_r9YPLR1-soVdNJYJJIn2ncp5WcWL0wJqHoSZQxWZKK-FP_qcZpKdjhE5iytHStGczV-eI5CD6VkDK-mJtHym49BgYUSUcvJNNed6YLtI6_YhP38XQrqb9mC_zMGxQ4AyEYGGziPJgRhM9ZNkzTXhpM83wRXy8sPGbQJDULKN5aUpur-PMASdl3jWKdL8-wfjyLtTgP72Jp8dowpbk0HWtR=w1280"
"turmas__turma-2025_014.png","/turmas/turma-2025","https://favelaware.animahub.com.br/turmas/turma-2025","14","","","https://lh3.googleusercontent.com/sitesv/AA5AbUDW1_8CkzjqHGRBt9CRv4INkweMRg3foaj0320Kt1wa7Xdo5_D6l3w1zhmBLDtc04PXuN_pqM2VsP4kRgtRuk-FbhI0Fane23EqOKrKcLJ_EvYamTbADi8khjWhj9RzILgIsS23986yyVwA8KKNQiEzacXNHO0B5DVSuztnOytXz390pSlFZkLPeI5kRv5YVWPLQweXIvWYmzALQb7fc1YobKTvFqEEJHAT=w1280"
"turmas__turma-2025_015.png","/turmas/turma-2025","https://favelaware.animahub.com.br/turmas/turma-2025","15","","","https://lh3.googleusercontent.com/sitesv/AA5AbUCAG5X2nn9mx1hv86qIwLuhRBqJpHo3hYrEwXUuHedW_KRPZx1Dm_gJqgm6QU5LoByFahNxbm_lcBiW5rDDLpu9vFZn_ZI5OhajW6ibYoY5L2zJxoIqaFw7qer42uzyRo762mXMt6g5Yv1mchaARmL1ootyedpZL8kowtQ07NS8JBqMiSrZuisg9zyq-HsLjwTtDzcXF1_kLRqxz57stI2K5s04E31qohAFu-E=w1280"
"turmas__turma-2025_016.png","/turmas/turma-2025","https://favelaware.animahub.com.br/turmas/turma-2025","16","","","https://lh3.googleusercontent.com/sitesv/AA5AbUCeDFWPMgz2_XulnSb-X5Tg7qDF0f6sR-i7n3ibpJvIX6xQfpB-675eRfnFATQeuTMUFAgkN3bvdrRY7KtRhQhgZa4NA-1-BUL2nkARmsIQi8i8GNuhCwLWnkhR9iZk4ZM5WIUlKr_86alI4G9-O28oYI-5Uqo-8j9NkPVP_4N2J5eOX6dlvwbmsaeQo_9iwrgB-P_-AwE6mCT0kRWc28Ir2RSuebnpiHwmFKE=w1280"
"turmas__turma-2025_017.png","/turmas/turma-2025","https://favelaware.animahub.com.br/turmas/turma-2025","17","","","https://lh3.googleusercontent.com/sitesv/AA5AbUDefUiJ3ZPufYOVxrfHkVnczEfTwee-lBo6IRgyCDZJNkrBlWjcv3cGWl7u5rh4-9GGUHgO6NDiHFsc9a6UuBM18YeCjiTItLKC0Q6t_1DFHpG_hHd8ThgLhDQ4zzgsP9VvK8ZLEMduSLDdYdN65wz3Q94pmKSA7yqYJdHBx8Usa8V-2iHPG-ojIAZDGwURcritJBq8dzTXixvWRPyBR2UrEskcCmBongUpi6g=w1280"
"turmas__turma-2025_018.png","/turmas/turma-2025","https://favelaware.animahub.com.br/turmas/turma-2025","18","","","https://lh3.googleusercontent.com/sitesv/AA5AbUBFPuI3Hyb0xkBdLgUtEr35aBQqoViTkhs7LTF3Z-Wq1LZM4XklOGJWBUOyoaJU74XQRHYHU3CnHcSGvYdTcq64LkO7HBwwirrEBg6nZn5tkX5e4CofPUq6Y6rcj2LOmGFqX9ZA3FnF00P36KuNwa8SWz87UxvFYrFCQrOiSD7yi1rnaejM4AmDXdw_WfPBfGHosZu1hAiVLUMiKG2-RXf8RtPWiZk2Z_WY=w1280"
"turmas__turma-2025_019.png","/turmas/turma-2025","https://favelaware.animahub.com.br/turmas/turma-2025","19","","","https://lh3.googleusercontent.com/sitesv/AA5AbUBnrjnHHKYe2IgGLN3PDrmDmkM1s1LUjStG-Ut2ruImVcTNjqy76RGzSKLrZeSqP_Cf_tqAbBkSZwPvLePSaueYcs_MGGHXGNlrwNmbMyhLoJWJuaG2DBgTEeIMG7gc7QVEdBw5GFixW1-iU805ffhIq3QMSsf9v5Gum_rop8emWcLLETU23CzU3ElWnPW-XtF6J9od6SLxaAEJIt2K2G6El6qcwh-AVTItIcc=w1280"
"turmas__turma-2025_020.png","/turmas/turma-2025","https://favelaware.animahub.com.br/turmas/turma-2025","20","","","https://lh3.googleusercontent.com/sitesv/AA5AbUAlQnW0KxR2ZIQh-tsipgJoZBWNDtpzNi8FeAVpc8NgOKRUP1H2sULagyrWT6GtJhKmsPuN6H9koBlxI1Mh3p_8Mfe-Akcnls20ZoyIc9WE0dc_HgxArdv4DXgpRi1TPp0uSTjPLhVrPrbDFytwTENrWZPd0rsJYU-W0cEHxyjIYdQI641SUh9UsOQdTn4PRgmtzxz107YbC_B3Kdw_D0KeOGdZ3rabj4BXbZk=w1280"
"turmas__turma-2025_021.png","/turmas/turma-2025","https://favelaware.animahub.com.br/turmas/turma-2025","21","","","https://lh3.googleusercontent.com/sitesv/AA5AbUBnLUoMB2rfUDP5CiPoo87FlYHf_lwXXAysCOVWU2cHvo1xxsJwTL2ZsQLGJ7--tFLwrQBZcsLP8pPxs8YSrvjABqqUTu8JuiKw-qeRUdDI2V-HhPddNSM3krHZltk_s6VRD1ee6wr96eW0H4os7Zr6IC0NzTPIcmIp8lIAz3pTDBLUgQJmzjuFVhGprD4d3mr-2SgSouyR4AD0rffSBrPVHAw27WsxenQhiMA=w1280"
"turmas__turma-2025_022.png","/turmas/turma-2025","https://favelaware.animahub.com.br/turmas/turma-2025","22","","","https://lh3.googleusercontent.com/sitesv/AA5AbUBmqyi_hyBOzX8v_Yp25dfl3RcVdtX26pWNyT4qj-jgeHW3qtxMMS41GQkvQu5db0B7aycUOCZoGHkL8KAI5FZQKDIVo7I6P17kXvDFmmztLadxb4wU0ehmmPAp-cVcD88Y6g7gpYILhKlYYRtrFrL8g9x-n6nzAlHwQuLxVjTPxpjSg3cwQPidq9mGahsrFRyzBTao_h52GChnAJY5n6-x-zAsyFMNKEJo=w1280"
"turmas__turma-2025_023.png","/turmas/turma-2025","https://favelaware.animahub.com.br/turmas/turma-2025","23","","","https://lh3.googleusercontent.com/sitesv/AA5AbUD_TFoZ8GaOhRxNtDxjwpyZCCrT8UDmgUzYeRHdzbnlMd4UzWOFgMPyhw_rUVT6d6Axu3Q48vji0KTHvfRJqBzoDoBQeYWmvRZ3LIvB84K0UgjMZzlqffTwp4OJOIYqMQ2NMnRvqkQ8HsGP1wofiyAh5VFPaLmybbEpkxt9SUi52ENys9tiZkp39wDLiC3Sj3SqoLJnLz-Pbyxvmnsn_N0z72eNaeXiN7GBID0=w1280"
"turmas__turma-2025_024.png","/turmas/turma-2025","https://favelaware.animahub.com.br/turmas/turma-2025","24","","","https://lh3.googleusercontent.com/sitesv/AA5AbUAmnZep53g0xqvN_g9wQ0o7TL_Ev9--3z6u3q-XMxBsbOnEnU4I2repMMRSaqOffgmeLrPK82fbNzpej0uBLAPmEmLCHysN8-fOYCjeJQRB5iqHy-So60W_ku4qbHHK-C9GVuoP3VFW9DKeropKInSKqjkzye9PJUmpPZRJ7Rj7scpJPEYjxtlIhSPp7oCpKfrsAKHfnGHe5vSFeSlfj_kAlMoTMghipjh3=w1280"
"turmas__turma-2025_025.png","/turmas/turma-2025","https://favelaware.animahub.com.br/turmas/turma-2025","25","","","https://lh3.googleusercontent.com/sitesv/AA5AbUD1SmyKhNFsYUgIq8w6xd7wC-TkkkWg6hu8Xa1YjlUrW-HgB5HS2rLW1o__OK86qBVETWl663sQwksyFVjV1icIjqj9jpreaN7ok8gK8A9lAgKZKEqCmG-xwQ6HNVVzpbu5z8v0XXOXXWouHb3nxH2N7JMjNwGgtwMHzVBZnxWTmn8gnRrH_wcI5J4fB-5ioUMzPvCjiOnR-oF4UENlqJSgNjw-XA0Dg6L6reM=w1280"
"turmas__turma-2025_026.png","/turmas/turma-2025","https://favelaware.animahub.com.br/turmas/turma-2025","26","","","https://lh3.googleusercontent.com/sitesv/AA5AbUB2sDVgqeAocemehbq18RQ4uwe9izhvQFdoZ5f5hJ-z4odO7MlsIKReNHuBaIKaLD2QGXpDq-uWU4WwUNbdk0j4n-3mkUxDu5Wq1WB0g0u5_oWj-CtlE-v5A223Ec2HwFlqNAcKvbSvel3wG_ThtWP3XvtRlhZrXEseiGCdbNGxjxNJTrRHD34zMoGRCcWLWcbF-mytEFfa09vEx1ciCh3YDtE_0l5XWbH9dvc=w1280"
"turmas__turma-2025_027.png","/turmas/turma-2025","https://favelaware.animahub.com.br/turmas/turma-2025","27","","","https://lh3.googleusercontent.com/sitesv/AA5AbUBO08JhPV9ZfDCbXo9s_p1JfzK7sQxZ-86oEsI90J4c8vjdP4cz5QTdTVu8du-Rv2QdboGqjWUERdFkmcSKMNiKIKDfpwMUwnz5YYPDOJTYYXWqA_FsWVXy-LzEsnImvxq3_AfihzSaIuzrIbd9gwCnYGU1O4nGI5JAD65xoU9rTDvcq7FccILoUPHykOleqxJqyEI_Ln-OQ7T3A2GjWRrBR15qLfop1mTS=w1280"
